0 verbose cli /Users/krunalsoni/.nvm/versions/node/v23.10.0/bin/node /Users/krunalsoni/.nvm/versions/node/v23.10.0/bin/npm
1 info using npm@11.7.0
2 info using node@v23.10.0
3 silly config load:file:/Users/krunalsoni/.nvm/versions/node/v23.10.0/lib/node_modules/npm/npmrc
4 silly config load:file:/Users/krunalsoni/Downloads/files/.npmrc
5 silly config load:file:/Users/krunalsoni/.npmrc
6 silly config load:file:/Users/krunalsoni/.nvm/versions/node/v23.10.0/etc/npmrc
7 verbose title npm install no
8 verbose argv "install" "--cache" ".npm-cache" "--prefer-offline" "no"
9 verbose logfile logs-max:10 dir:/Users/krunalsoni/Downloads/files/.npm-cache/_logs/2026-03-14T05_09_48_525Z-
10 verbose logfile /Users/krunalsoni/Downloads/files/.npm-cache/_logs/2026-03-14T05_09_48_525Z-debug-0.log
11 silly logfile done cleaning log files
12 silly packumentCache heap:2197815296 maxSize:549453824 maxEntrySize:274726912
13 silly idealTree buildDeps
14 silly fetch manifest axios@^1.6.0
15 silly packumentCache full:https://registry.npmjs.org/axios cache-miss
16 http fetch GET 200 https://registry.npmjs.org/axios 215ms (cache miss)
17 silly packumentCache full:https://registry.npmjs.org/axios set size:undefined disposed:false
18 silly fetch manifest lucide-react@^0.294.0
19 silly packumentCache full:https://registry.npmjs.org/lucide-react cache-miss
20 http fetch GET 200 https://registry.npmjs.org/lucide-react 97ms (cache miss)
21 silly packumentCache full:https://registry.npmjs.org/lucide-react set size:undefined disposed:false
22 silly fetch manifest react@^18.2.0
23 silly packumentCache full:https://registry.npmjs.org/react cache-miss
24 http fetch GET 200 https://registry.npmjs.org/react 392ms (cache miss)
25 silly packumentCache full:https://registry.npmjs.org/react set size:undefined disposed:false
26 silly fetch manifest next@14.2.0
27 silly packumentCache full:https://registry.npmjs.org/next cache-miss
28 http fetch GET 200 https://registry.npmjs.org/next 520ms (cache miss)
29 silly packumentCache full:https://registry.npmjs.org/next set size:undefined disposed:false
30 silly fetch manifest @opentelemetry/api@^1.1.0
31 silly packumentCache full:https://registry.npmjs.org/@opentelemetry%2fapi cache-miss
32 http fetch GET 200 https://registry.npmjs.org/@opentelemetry%2fapi 694ms (cache miss)
33 silly packumentCache full:https://registry.npmjs.org/@opentelemetry%2fapi set size:undefined disposed:false
34 silly fetch manifest @playwright/test@^1.41.2
35 silly packumentCache full:https://registry.npmjs.org/@playwright%2ftest cache-miss
36 http fetch GET 200 https://registry.npmjs.org/@playwright%2ftest 623ms (cache miss)
37 silly packumentCache full:https://registry.npmjs.org/@playwright%2ftest set size:undefined disposed:false
38 silly fetch manifest react-dom@^18.2.0
39 silly packumentCache full:https://registry.npmjs.org/react-dom cache-miss
40 http fetch GET 200 https://registry.npmjs.org/react-dom 191ms (cache miss)
41 silly packumentCache full:https://registry.npmjs.org/react-dom set size:undefined disposed:false
42 silly fetch manifest sass@^1.3.0
43 silly packumentCache full:https://registry.npmjs.org/sass cache-miss
44 http fetch GET 200 https://registry.npmjs.org/sass 134ms (cache miss)
45 silly packumentCache full:https://registry.npmjs.org/sass set size:undefined disposed:false
46 silly fetch manifest recharts@^2.10.0
47 silly packumentCache full:https://registry.npmjs.org/recharts cache-miss
48 http fetch GET 200 https://registry.npmjs.org/recharts 65ms (cache miss)
49 silly packumentCache full:https://registry.npmjs.org/recharts set size:undefined disposed:false
50 silly fetch manifest no@*
51 silly packumentCache full:https://registry.npmjs.org/no cache-miss
52 http fetch GET 200 https://registry.npmjs.org/no 371ms (cache miss)
53 silly packumentCache full:https://registry.npmjs.org/no set size:undefined disposed:false
54 silly fetch manifest @types/node@^20.0.0
55 silly packumentCache full:https://registry.npmjs.org/@types%2fnode cache-miss
56 http fetch GET 200 https://registry.npmjs.org/@types%2fnode 185ms (cache miss)
57 silly packumentCache full:https://registry.npmjs.org/@types%2fnode set size:undefined disposed:false
58 silly fetch manifest @types/react@^18.2.0
59 silly packumentCache full:https://registry.npmjs.org/@types%2freact cache-miss
60 http fetch GET 200 https://registry.npmjs.org/@types%2freact 98ms (cache miss)
61 silly packumentCache full:https://registry.npmjs.org/@types%2freact set size:undefined disposed:false
62 silly fetch manifest @types/react-dom@^18.2.0
63 silly packumentCache full:https://registry.npmjs.org/@types%2freact-dom cache-miss
64 http fetch GET 200 https://registry.npmjs.org/@types%2freact-dom 69ms (cache miss)
65 silly packumentCache full:https://registry.npmjs.org/@types%2freact-dom set size:undefined disposed:false
66 silly fetch manifest autoprefixer@^10.4.16
67 silly packumentCache full:https://registry.npmjs.org/autoprefixer cache-miss
68 http fetch GET 200 https://registry.npmjs.org/autoprefixer 285ms (cache miss)
69 silly packumentCache full:https://registry.npmjs.org/autoprefixer set size:undefined disposed:false
70 silly fetch manifest postcss@^8.4.31
71 silly packumentCache full:https://registry.npmjs.org/postcss cache-miss
72 http fetch GET 200 https://registry.npmjs.org/postcss 60ms (cache miss)
73 silly packumentCache full:https://registry.npmjs.org/postcss set size:undefined disposed:false
74 silly fetch manifest tailwindcss@^3.3.5
75 silly packumentCache full:https://registry.npmjs.org/tailwindcss cache-miss
76 http fetch GET 200 https://registry.npmjs.org/tailwindcss 673ms (cache miss)
77 silly packumentCache full:https://registry.npmjs.org/tailwindcss set size:undefined disposed:false
78 silly fetch manifest typescript@^5.0.0
79 silly packumentCache full:https://registry.npmjs.org/typescript cache-miss
80 http fetch GET 200 https://registry.npmjs.org/typescript 310ms (cache miss)
81 silly packumentCache full:https://registry.npmjs.org/typescript set size:undefined disposed:false
82 silly placeDep ROOT @types/node@20.19.37 OK for: inventory-dashboard@0.1.0 want: ^20.0.0
83 silly placeDep ROOT @types/react@18.3.28 OK for: inventory-dashboard@0.1.0 want: ^18.2.0
84 silly placeDep ROOT @types/react-dom@18.3.7 OK for: inventory-dashboard@0.1.0 want: ^18.2.0
85 silly placeDep ROOT autoprefixer@10.4.27 OK for: inventory-dashboard@0.1.0 want: ^10.4.16
86 silly placeDep ROOT postcss@8.5.8 OK for: autoprefixer@10.4.27 want: ^8.1.0
87 silly placeDep ROOT axios@1.13.6 OK for: inventory-dashboard@0.1.0 want: ^1.6.0
88 silly placeDep ROOT lucide-react@0.294.0 OK for: inventory-dashboard@0.1.0 want: ^0.294.0
89 silly placeDep ROOT react@18.3.1 OK for: lucide-react@0.294.0 want: ^16.5.1 || ^17.0.0 || ^18.0.0
90 silly placeDep ROOT next@14.2.0 OK for: inventory-dashboard@0.1.0 want: 14.2.0
91 silly placeDep ROOT react-dom@18.3.1 OK for: next@14.2.0 want: ^18.2.0
92 silly placeDep ROOT no@0.0.1 OK for: inventory-dashboard@0.1.0 want: *
93 silly placeDep ROOT recharts@2.15.4 OK for: inventory-dashboard@0.1.0 want: ^2.10.0
94 silly placeDep ROOT tailwindcss@3.4.19 OK for: inventory-dashboard@0.1.0 want: ^3.3.5
95 silly placeDep ROOT typescript@5.9.3 OK for: inventory-dashboard@0.1.0 want: ^5.0.0
96 silly fetch manifest undici-types@~6.21.0
97 silly packumentCache full:https://registry.npmjs.org/undici-types cache-miss
98 silly fetch manifest csstype@^3.2.2
99 silly packumentCache full:https://registry.npmjs.org/csstype cache-miss
100 silly fetch manifest @types/prop-types@*
101 silly packumentCache full:https://registry.npmjs.org/@types%2fprop-types cache-miss
102 silly fetch manifest browserslist@^4.28.1
103 silly packumentCache full:https://registry.npmjs.org/browserslist cache-miss
104 silly fetch manifest caniuse-lite@^1.0.30001774
105 silly packumentCache full:https://registry.npmjs.org/caniuse-lite cache-miss
106 silly fetch manifest fraction.js@^5.3.4
107 silly packumentCache full:https://registry.npmjs.org/fraction.js cache-miss
108 silly fetch manifest picocolors@^1.1.1
109 silly packumentCache full:https://registry.npmjs.org/picocolors cache-miss
110 http fetch GET 200 https://registry.npmjs.org/undici-types 62ms (cache miss)
111 silly packumentCache full:https://registry.npmjs.org/undici-types set size:undefined disposed:false
112 silly fetch manifest postcss-value-parser@^4.2.0
113 silly packumentCache full:https://registry.npmjs.org/postcss-value-parser cache-miss
114 http fetch GET 200 https://registry.npmjs.org/browserslist 322ms (cache miss)
115 silly packumentCache full:https://registry.npmjs.org/browserslist set size:undefined disposed:false
116 silly fetch manifest nanoid@^3.3.11
117 silly packumentCache full:https://registry.npmjs.org/nanoid cache-miss
118 http fetch GET 200 https://registry.npmjs.org/postcss-value-parser 310ms (cache miss)
119 silly packumentCache full:https://registry.npmjs.org/postcss-value-parser set size:undefined disposed:false
120 silly fetch manifest picocolors@^1.1.1
121 silly packumentCache full:https://registry.npmjs.org/picocolors cache-miss
122 http fetch GET 200 https://registry.npmjs.org/nanoid 109ms (cache miss)
123 silly packumentCache full:https://registry.npmjs.org/nanoid set size:undefined disposed:false
124 silly fetch manifest source-map-js@^1.2.1
125 silly packumentCache full:https://registry.npmjs.org/source-map-js cache-miss
126 http fetch GET 200 https://registry.npmjs.org/caniuse-lite 453ms (cache miss)
127 silly packumentCache full:https://registry.npmjs.org/caniuse-lite set size:undefined disposed:false
128 silly fetch manifest follow-redirects@^1.15.11
129 silly packumentCache full:https://registry.npmjs.org/follow-redirects cache-miss
130 http fetch GET 200 https://registry.npmjs.org/source-map-js 42ms (cache miss)
131 silly packumentCache full:https://registry.npmjs.org/source-map-js set size:undefined disposed:false
132 silly fetch manifest form-data@^4.0.5
133 silly packumentCache full:https://registry.npmjs.org/form-data cache-miss
134 http fetch GET 200 https://registry.npmjs.org/fraction.js 563ms (cache miss)
135 silly packumentCache full:https://registry.npmjs.org/fraction.js set size:undefined disposed:false
136 silly fetch manifest proxy-from-env@^1.1.0
137 silly packumentCache full:https://registry.npmjs.org/proxy-from-env cache-miss
138 http fetch GET 200 https://registry.npmjs.org/picocolors 196ms (cache miss)
139 silly packumentCache full:https://registry.npmjs.org/picocolors set size:undefined disposed:false
140 silly fetch manifest loose-envify@^1.1.0
141 silly packumentCache full:https://registry.npmjs.org/loose-envify cache-miss
142 http fetch GET 200 https://registry.npmjs.org/picocolors 570ms (cache miss)
143 silly packumentCache full:https://registry.npmjs.org/picocolors set size:undefined disposed:false
144 silly fetch manifest busboy@1.6.0
145 silly packumentCache full:https://registry.npmjs.org/busboy cache-miss
146 http fetch GET 200 https://registry.npmjs.org/csstype 593ms (cache miss)
147 silly packumentCache full:https://registry.npmjs.org/csstype set size:undefined disposed:false
148 silly fetch manifest postcss@8.4.31
149 silly packumentCache full:https://registry.npmjs.org/postcss cache-miss
150 http cache https://registry.npmjs.org/postcss 3ms (cache hit)
151 silly packumentCache full:https://registry.npmjs.org/postcss set size:702266 disposed:false
152 silly fetch manifest @next/env@14.2.0
153 silly packumentCache full:https://registry.npmjs.org/@next%2fenv cache-miss
154 http fetch GET 200 https://registry.npmjs.org/loose-envify 43ms (cache miss)
155 silly packumentCache full:https://registry.npmjs.org/loose-envify set size:undefined disposed:false
156 silly fetch manifest styled-jsx@5.1.1
157 silly packumentCache full:https://registry.npmjs.org/styled-jsx cache-miss
158 http fetch GET 200 https://registry.npmjs.org/styled-jsx 59ms (cache miss)
159 silly packumentCache full:https://registry.npmjs.org/styled-jsx set size:undefined disposed:false
160 silly fetch manifest graceful-fs@^4.2.11
161 silly packumentCache full:https://registry.npmjs.org/graceful-fs cache-miss
162 http fetch GET 200 https://registry.npmjs.org/follow-redirects 321ms (cache miss)
163 silly packumentCache full:https://registry.npmjs.org/follow-redirects set size:undefined disposed:false
164 silly fetch manifest @swc/helpers@0.5.5
165 silly packumentCache full:https://registry.npmjs.org/@swc%2fhelpers cache-miss
166 http fetch GET 200 https://registry.npmjs.org/form-data 326ms (cache miss)
167 silly packumentCache full:https://registry.npmjs.org/form-data set size:undefined disposed:false
168 silly fetch manifest caniuse-lite@^1.0.30001579
169 silly packumentCache full:https://registry.npmjs.org/caniuse-lite cache-miss
170 http cache https://registry.npmjs.org/caniuse-lite 3ms (cache hit)
171 silly packumentCache full:https://registry.npmjs.org/caniuse-lite set size:2266852 disposed:false
172 silly fetch manifest @next/swc-darwin-x64@14.2.0
173 silly packumentCache full:https://registry.npmjs.org/@next%2fswc-darwin-x64 cache-miss
174 http fetch GET 200 https://registry.npmjs.org/graceful-fs 146ms (cache miss)
175 silly packumentCache full:https://registry.npmjs.org/graceful-fs set size:undefined disposed:false
176 silly fetch manifest @next/swc-darwin-arm64@14.2.0
177 silly packumentCache full:https://registry.npmjs.org/@next%2fswc-darwin-arm64 cache-miss
178 http fetch GET 200 https://registry.npmjs.org/@types%2fprop-types 842ms (cache miss)
179 silly packumentCache full:https://registry.npmjs.org/@types%2fprop-types set size:undefined disposed:false
180 silly fetch manifest @next/swc-linux-x64-gnu@14.2.0
181 silly packumentCache full:https://registry.npmjs.org/@next%2fswc-linux-x64-gnu cache-miss
182 http fetch GET 200 https://registry.npmjs.org/proxy-from-env 324ms (cache miss)
183 silly packumentCache full:https://registry.npmjs.org/proxy-from-env set size:undefined disposed:false
184 silly fetch manifest @next/swc-linux-x64-musl@14.2.0
185 silly packumentCache full:https://registry.npmjs.org/@next%2fswc-linux-x64-musl cache-miss
186 http fetch GET 200 https://registry.npmjs.org/busboy 319ms (cache miss)
187 silly packumentCache full:https://registry.npmjs.org/busboy set size:undefined disposed:false
188 silly fetch manifest @next/swc-win32-x64-msvc@14.2.0
189 silly packumentCache full:https://registry.npmjs.org/@next%2fswc-win32-x64-msvc cache-miss
190 http fetch GET 200 https://registry.npmjs.org/@swc%2fhelpers 197ms (cache miss)
191 silly packumentCache full:https://registry.npmjs.org/@swc%2fhelpers set size:undefined disposed:false
192 silly fetch manifest @next/swc-linux-arm64-gnu@14.2.0
193 silly packumentCache full:https://registry.npmjs.org/@next%2fswc-linux-arm64-gnu cache-miss
194 http fetch GET 200 https://registry.npmjs.org/@next%2fswc-darwin-arm64 558ms (cache miss)
195 silly packumentCache full:https://registry.npmjs.org/@next%2fswc-darwin-arm64 set size:undefined disposed:false
196 silly fetch manifest @next/swc-win32-ia32-msvc@14.2.0
197 silly packumentCache full:https://registry.npmjs.org/@next%2fswc-win32-ia32-msvc cache-miss
198 http fetch GET 200 https://registry.npmjs.org/@next%2fswc-darwin-x64 594ms (cache miss)
199 silly packumentCache full:https://registry.npmjs.org/@next%2fswc-darwin-x64 set size:undefined disposed:false
200 silly fetch manifest @next/swc-linux-arm64-musl@14.2.0
201 silly packumentCache full:https://registry.npmjs.org/@next%2fswc-linux-arm64-musl cache-miss
202 http fetch GET 200 https://registry.npmjs.org/@next%2fswc-linux-x64-musl 685ms (cache miss)
203 silly packumentCache full:https://registry.npmjs.org/@next%2fswc-linux-x64-musl set size:undefined disposed:false
204 silly fetch manifest @next/swc-win32-arm64-msvc@14.2.0
205 silly packumentCache full:https://registry.npmjs.org/@next%2fswc-win32-arm64-msvc cache-miss
206 http fetch GET 200 https://registry.npmjs.org/@next%2fenv 991ms (cache miss)
207 silly packumentCache full:https://registry.npmjs.org/@next%2fenv set size:undefined disposed:false
208 silly fetch manifest scheduler@^0.23.2
209 silly packumentCache full:https://registry.npmjs.org/scheduler cache-miss
210 http fetch GET 200 https://registry.npmjs.org/scheduler 1313ms (cache miss)
211 silly packumentCache full:https://registry.npmjs.org/scheduler set size:undefined disposed:false
212 silly fetch manifest coffee-script@*
213 silly packumentCache full:https://registry.npmjs.org/coffee-script cache-miss
214 http fetch GET 200 https://registry.npmjs.org/@next%2fswc-win32-arm64-msvc 1501ms (cache miss)
215 silly packumentCache full:https://registry.npmjs.org/@next%2fswc-win32-arm64-msvc set size:undefined disposed:false
216 silly fetch manifest clsx@^2.0.0
217 silly packumentCache full:https://registry.npmjs.org/clsx cache-miss
218 http fetch GET 200 https://registry.npmjs.org/clsx 332ms (cache miss)
219 silly packumentCache full:https://registry.npmjs.org/clsx set size:undefined disposed:false
220 silly fetch manifest lodash@^4.17.21
221 silly packumentCache full:https://registry.npmjs.org/lodash cache-miss
222 http fetch GET 200 https://registry.npmjs.org/@next%2fswc-linux-arm64-musl 2036ms (cache miss)
223 silly packumentCache full:https://registry.npmjs.org/@next%2fswc-linux-arm64-musl set size:undefined disposed:false
224 silly fetch manifest react-is@^18.3.1
225 silly packumentCache full:https://registry.npmjs.org/react-is cache-miss
226 http fetch GET 200 https://registry.npmjs.org/@next%2fswc-win32-x64-msvc 2605ms (cache miss)
227 silly packumentCache full:https://registry.npmjs.org/@next%2fswc-win32-x64-msvc set size:undefined disposed:false
228 silly fetch manifest react-smooth@^4.0.4
229 silly packumentCache full:https://registry.npmjs.org/react-smooth cache-miss
230 http fetch GET 200 https://registry.npmjs.org/@next%2fswc-win32-ia32-msvc 2127ms (cache miss)
231 silly packumentCache full:https://registry.npmjs.org/@next%2fswc-win32-ia32-msvc set size:undefined disposed:false
232 silly fetch manifest eventemitter3@^4.0.1
233 silly packumentCache full:https://registry.npmjs.org/eventemitter3 cache-miss
234 http fetch GET 200 https://registry.npmjs.org/@next%2fswc-linux-arm64-gnu 2731ms (cache miss)
235 silly packumentCache full:https://registry.npmjs.org/@next%2fswc-linux-arm64-gnu set size:undefined disposed:false
236 silly fetch manifest recharts-scale@^0.4.4
237 silly packumentCache full:https://registry.npmjs.org/recharts-scale cache-miss
238 http fetch GET 200 https://registry.npmjs.org/coffee-script 871ms (cache miss)
239 silly packumentCache full:https://registry.npmjs.org/coffee-script set size:undefined disposed:false
240 silly fetch manifest tiny-invariant@^1.3.1
241 silly packumentCache full:https://registry.npmjs.org/tiny-invariant cache-miss
242 http fetch GET 200 https://registry.npmjs.org/lodash 383ms (cache miss)
243 silly packumentCache full:https://registry.npmjs.org/lodash set size:undefined disposed:false
244 silly fetch manifest victory-vendor@^36.6.8
245 silly packumentCache full:https://registry.npmjs.org/victory-vendor cache-miss
246 http fetch GET 200 https://registry.npmjs.org/react-is 492ms (cache miss)
247 silly packumentCache full:https://registry.npmjs.org/react-is set size:undefined disposed:false
248 silly fetch manifest arg@^5.0.2
249 silly packumentCache full:https://registry.npmjs.org/arg cache-miss
250 http fetch GET 200 https://registry.npmjs.org/eventemitter3 541ms (cache miss)
251 silly packumentCache full:https://registry.npmjs.org/eventemitter3 set size:undefined disposed:false
252 silly fetch manifest dlv@^1.1.3
253 silly packumentCache full:https://registry.npmjs.org/dlv cache-miss
254 http fetch GET 200 https://registry.npmjs.org/react-smooth 616ms (cache miss)
255 silly packumentCache full:https://registry.npmjs.org/react-smooth set size:undefined disposed:false
256 silly fetch manifest jiti@^1.21.7
257 silly packumentCache full:https://registry.npmjs.org/jiti cache-miss
258 http fetch GET 200 https://registry.npmjs.org/dlv 65ms (cache miss)
259 silly packumentCache full:https://registry.npmjs.org/dlv set size:undefined disposed:false
260 silly fetch manifest is-glob@^4.0.3
261 silly packumentCache full:https://registry.npmjs.org/is-glob cache-miss
262 http fetch GET 200 https://registry.npmjs.org/tiny-invariant 415ms (cache miss)
263 silly packumentCache full:https://registry.npmjs.org/tiny-invariant set size:undefined disposed:false
264 silly fetch manifest resolve@^1.22.8
265 silly packumentCache full:https://registry.npmjs.org/resolve cache-miss
266 http fetch GET 200 https://registry.npmjs.org/victory-vendor 431ms (cache miss)
267 silly packumentCache full:https://registry.npmjs.org/victory-vendor set size:undefined disposed:false
268 silly fetch manifest sucrase@^3.35.0
269 silly packumentCache full:https://registry.npmjs.org/sucrase cache-miss
270 http fetch GET 200 https://registry.npmjs.org/arg 306ms (cache miss)
271 silly packumentCache full:https://registry.npmjs.org/arg set size:undefined disposed:false
272 silly fetch manifest chokidar@^3.6.0
273 silly packumentCache full:https://registry.npmjs.org/chokidar cache-miss
274 http fetch GET 200 https://registry.npmjs.org/resolve 90ms (cache miss)
275 silly packumentCache full:https://registry.npmjs.org/resolve set size:undefined disposed:false
276 silly fetch manifest fast-glob@^3.3.2
277 silly packumentCache full:https://registry.npmjs.org/fast-glob cache-miss
278 http fetch GET 200 https://registry.npmjs.org/sucrase 88ms (cache miss)
279 silly packumentCache full:https://registry.npmjs.org/sucrase set size:undefined disposed:false
280 silly fetch manifest lilconfig@^3.1.3
281 silly packumentCache full:https://registry.npmjs.org/lilconfig cache-miss
282 http fetch GET 200 https://registry.npmjs.org/jiti 310ms (cache miss)
283 silly packumentCache full:https://registry.npmjs.org/jiti set size:undefined disposed:false
284 silly fetch manifest didyoumean@^1.2.2
285 silly packumentCache full:https://registry.npmjs.org/didyoumean cache-miss
286 http fetch GET 200 https://registry.npmjs.org/is-glob 318ms (cache miss)
287 silly packumentCache full:https://registry.npmjs.org/is-glob set size:undefined disposed:false
288 silly fetch manifest micromatch@^4.0.8
289 silly packumentCache full:https://registry.npmjs.org/micromatch cache-miss
290 http fetch GET 200 https://registry.npmjs.org/didyoumean 66ms (cache miss)
291 silly packumentCache full:https://registry.npmjs.org/didyoumean set size:undefined disposed:false
292 silly fetch manifest postcss-js@^4.0.1
293 silly packumentCache full:https://registry.npmjs.org/postcss-js cache-miss
294 http fetch GET 200 https://registry.npmjs.org/micromatch 83ms (cache miss)
295 silly packumentCache full:https://registry.npmjs.org/micromatch set size:undefined disposed:false
296 silly fetch manifest glob-parent@^6.0.2
297 silly packumentCache full:https://registry.npmjs.org/glob-parent cache-miss
298 http fetch GET 200 https://registry.npmjs.org/recharts-scale 845ms (cache miss)
299 silly packumentCache full:https://registry.npmjs.org/recharts-scale set size:undefined disposed:false
300 silly fetch manifest object-hash@^3.0.0
301 silly packumentCache full:https://registry.npmjs.org/object-hash cache-miss
302 http fetch GET 200 https://registry.npmjs.org/postcss-js 85ms (cache miss)
303 silly packumentCache full:https://registry.npmjs.org/postcss-js set size:undefined disposed:false
304 silly fetch manifest normalize-path@^3.0.0
305 silly packumentCache full:https://registry.npmjs.org/normalize-path cache-miss
306 http fetch GET 200 https://registry.npmjs.org/glob-parent 58ms (cache miss)
307 silly packumentCache full:https://registry.npmjs.org/glob-parent set size:undefined disposed:false
308 silly fetch manifest postcss-import@^15.1.0
309 silly packumentCache full:https://registry.npmjs.org/postcss-import cache-miss
310 http fetch GET 200 https://registry.npmjs.org/object-hash 72ms (cache miss)
311 silly packumentCache full:https://registry.npmjs.org/object-hash set size:undefined disposed:false
312 silly fetch manifest postcss-nested@^6.2.0
313 silly packumentCache full:https://registry.npmjs.org/postcss-nested cache-miss
314 http fetch GET 200 https://registry.npmjs.org/normalize-path 65ms (cache miss)
315 silly packumentCache full:https://registry.npmjs.org/normalize-path set size:undefined disposed:false
316 silly fetch manifest @alloc/quick-lru@^5.2.0
317 silly packumentCache full:https://registry.npmjs.org/@alloc%2fquick-lru cache-miss
318 http fetch GET 200 https://registry.npmjs.org/postcss-import 78ms (cache miss)
319 silly packumentCache full:https://registry.npmjs.org/postcss-import set size:undefined disposed:false
320 silly fetch manifest postcss-load-config@^4.0.2 || ^5.0 || ^6.0
321 silly packumentCache full:https://registry.npmjs.org/postcss-load-config cache-miss
322 http fetch GET 200 https://registry.npmjs.org/fast-glob 356ms (cache miss)
323 silly packumentCache full:https://registry.npmjs.org/fast-glob set size:undefined disposed:false
324 silly fetch manifest postcss-selector-parser@^6.1.2
325 silly packumentCache full:https://registry.npmjs.org/postcss-selector-parser cache-miss
326 http fetch GET 200 https://registry.npmjs.org/postcss-nested 64ms (cache miss)
327 silly packumentCache full:https://registry.npmjs.org/postcss-nested set size:undefined disposed:false
328 http fetch GET 200 https://registry.npmjs.org/postcss-selector-parser 75ms (cache miss)
329 silly packumentCache full:https://registry.npmjs.org/postcss-selector-parser set size:undefined disposed:false
330 http fetch GET 200 https://registry.npmjs.org/@alloc%2fquick-lru 304ms (cache miss)
331 silly packumentCache full:https://registry.npmjs.org/@alloc%2fquick-lru set size:undefined disposed:false
332 http fetch GET 200 https://registry.npmjs.org/lilconfig 621ms (cache miss)
333 silly packumentCache full:https://registry.npmjs.org/lilconfig set size:undefined disposed:false
334 http fetch GET 200 https://registry.npmjs.org/postcss-load-config 326ms (cache miss)
335 silly packumentCache full:https://registry.npmjs.org/postcss-load-config set size:undefined disposed:false
336 http fetch GET 200 https://registry.npmjs.org/chokidar 852ms (cache miss)
337 silly packumentCache full:https://registry.npmjs.org/chokidar set size:undefined disposed:false
338 http fetch GET 200 https://registry.npmjs.org/@next%2fswc-linux-x64-gnu 5259ms (cache miss)
339 silly packumentCache full:https://registry.npmjs.org/@next%2fswc-linux-x64-gnu set size:undefined disposed:false
340 silly placeDep ROOT undici-types@6.21.0 OK for: @types/node@20.19.37 want: ~6.21.0
341 silly placeDep ROOT @types/prop-types@15.7.15 OK for: @types/react@18.3.28 want: *
342 silly placeDep ROOT csstype@3.2.3 OK for: @types/react@18.3.28 want: ^3.2.2
343 silly placeDep ROOT browserslist@4.28.1 OK for: autoprefixer@10.4.27 want: ^4.28.1
344 silly placeDep ROOT caniuse-lite@1.0.30001778 OK for: autoprefixer@10.4.27 want: ^1.0.30001774
345 silly placeDep ROOT fraction.js@5.3.4 OK for: autoprefixer@10.4.27 want: ^5.3.4
346 silly placeDep ROOT picocolors@1.1.1 OK for: autoprefixer@10.4.27 want: ^1.1.1
347 silly placeDep ROOT postcss-value-parser@4.2.0 OK for: autoprefixer@10.4.27 want: ^4.2.0
348 silly fetch manifest baseline-browser-mapping@^2.9.0
349 silly packumentCache full:https://registry.npmjs.org/baseline-browser-mapping cache-miss
350 silly fetch manifest caniuse-lite@^1.0.30001759
351 silly packumentCache full:https://registry.npmjs.org/caniuse-lite cache-miss
352 silly fetch manifest electron-to-chromium@^1.5.263
353 silly packumentCache full:https://registry.npmjs.org/electron-to-chromium cache-miss
354 silly fetch manifest node-releases@^2.0.27
355 silly packumentCache full:https://registry.npmjs.org/node-releases cache-miss
356 silly fetch manifest update-browserslist-db@^1.2.0
357 silly packumentCache full:https://registry.npmjs.org/update-browserslist-db cache-miss
358 http cache https://registry.npmjs.org/caniuse-lite 11ms (cache hit)
359 silly packumentCache full:https://registry.npmjs.org/caniuse-lite set size:2266852 disposed:false
360 http fetch GET 200 https://registry.npmjs.org/update-browserslist-db 90ms (cache miss)
361 silly packumentCache full:https://registry.npmjs.org/update-browserslist-db set size:undefined disposed:false
362 http fetch GET 200 https://registry.npmjs.org/baseline-browser-mapping 115ms (cache miss)
363 silly packumentCache full:https://registry.npmjs.org/baseline-browser-mapping set size:undefined disposed:false
364 http fetch GET 200 https://registry.npmjs.org/node-releases 699ms (cache miss)
365 silly packumentCache full:https://registry.npmjs.org/node-releases set size:undefined disposed:false
366 http fetch GET 200 https://registry.npmjs.org/electron-to-chromium 1303ms (cache miss)
367 silly packumentCache full:https://registry.npmjs.org/electron-to-chromium set size:undefined disposed:false
368 silly placeDep ROOT follow-redirects@1.15.11 OK for: axios@1.13.6 want: ^1.15.11
369 silly placeDep ROOT form-data@4.0.5 OK for: axios@1.13.6 want: ^4.0.5
370 silly placeDep ROOT proxy-from-env@1.1.0 OK for: axios@1.13.6 want: ^1.1.0
371 silly fetch manifest asynckit@^0.4.0
372 silly packumentCache full:https://registry.npmjs.org/asynckit cache-miss
373 silly fetch manifest combined-stream@^1.0.8
374 silly packumentCache full:https://registry.npmjs.org/combined-stream cache-miss
375 silly fetch manifest es-set-tostringtag@^2.1.0
376 silly packumentCache full:https://registry.npmjs.org/es-set-tostringtag cache-miss
377 silly fetch manifest hasown@^2.0.2
378 silly packumentCache full:https://registry.npmjs.org/hasown cache-miss
379 silly fetch manifest mime-types@^2.1.12
380 silly packumentCache full:https://registry.npmjs.org/mime-types cache-miss
381 http fetch GET 200 https://registry.npmjs.org/hasown 118ms (cache miss)
382 silly packumentCache full:https://registry.npmjs.org/hasown set size:undefined disposed:false
383 http fetch GET 200 https://registry.npmjs.org/es-set-tostringtag 260ms (cache miss)
384 silly packumentCache full:https://registry.npmjs.org/es-set-tostringtag set size:undefined disposed:false
385 http fetch GET 200 https://registry.npmjs.org/mime-types 282ms (cache miss)
386 silly packumentCache full:https://registry.npmjs.org/mime-types set size:undefined disposed:false
387 http fetch GET 200 https://registry.npmjs.org/asynckit 341ms (cache miss)
388 silly packumentCache full:https://registry.npmjs.org/asynckit set size:undefined disposed:false
389 http fetch GET 200 https://registry.npmjs.org/combined-stream 874ms (cache miss)
390 silly packumentCache full:https://registry.npmjs.org/combined-stream set size:undefined disposed:false
391 silly fetch manifest browserslist@>= 4.21.0
392 silly packumentCache full:https://registry.npmjs.org/browserslist cache-miss
393 http cache https://registry.npmjs.org/browserslist 8ms (cache hit)
394 silly packumentCache full:https://registry.npmjs.org/browserslist set size:502989 disposed:false
395 silly placeDep ROOT baseline-browser-mapping@2.10.7 OK for: browserslist@4.28.1 want: ^2.9.0
396 silly placeDep ROOT electron-to-chromium@1.5.313 OK for: browserslist@4.28.1 want: ^1.5.263
397 silly placeDep ROOT node-releases@2.0.36 OK for: browserslist@4.28.1 want: ^2.0.27
398 silly placeDep ROOT update-browserslist-db@1.2.3 OK for: browserslist@4.28.1 want: ^1.2.0
399 silly fetch manifest escalade@^3.2.0
400 silly packumentCache full:https://registry.npmjs.org/escalade cache-miss
401 http fetch GET 200 https://registry.npmjs.org/escalade 66ms (cache miss)
402 silly packumentCache full:https://registry.npmjs.org/escalade set size:undefined disposed:false
403 silly placeDep ROOT asynckit@0.4.0 OK for: form-data@4.0.5 want: ^0.4.0
404 silly placeDep ROOT combined-stream@1.0.8 OK for: form-data@4.0.5 want: ^1.0.8
405 silly placeDep ROOT es-set-tostringtag@2.1.0 OK for: form-data@4.0.5 want: ^2.1.0
406 silly placeDep ROOT hasown@2.0.2 OK for: form-data@4.0.5 want: ^2.0.2
407 silly placeDep ROOT mime-types@2.1.35 OK for: form-data@4.0.5 want: ^2.1.12
408 silly fetch manifest delayed-stream@~1.0.0
409 silly packumentCache full:https://registry.npmjs.org/delayed-stream cache-miss
410 silly fetch manifest es-errors@^1.3.0
411 silly packumentCache full:https://registry.npmjs.org/es-errors cache-miss
412 silly fetch manifest get-intrinsic@^1.2.6
413 silly packumentCache full:https://registry.npmjs.org/get-intrinsic cache-miss
414 silly fetch manifest has-tostringtag@^1.0.2
415 silly packumentCache full:https://registry.npmjs.org/has-tostringtag cache-miss
416 silly fetch manifest function-bind@^1.1.2
417 silly packumentCache full:https://registry.npmjs.org/function-bind cache-miss
418 silly fetch manifest mime-db@1.52.0
419 silly packumentCache full:https://registry.npmjs.org/mime-db cache-miss
420 http fetch GET 200 https://registry.npmjs.org/has-tostringtag 70ms (cache miss)
421 silly packumentCache full:https://registry.npmjs.org/has-tostringtag set size:undefined disposed:false
422 http fetch GET 200 https://registry.npmjs.org/function-bind 71ms (cache miss)
423 silly packumentCache full:https://registry.npmjs.org/function-bind set size:undefined disposed:false
424 http fetch GET 200 https://registry.npmjs.org/es-errors 74ms (cache miss)
425 silly packumentCache full:https://registry.npmjs.org/es-errors set size:undefined disposed:false
426 http fetch GET 200 https://registry.npmjs.org/mime-db 75ms (cache miss)
427 silly packumentCache full:https://registry.npmjs.org/mime-db set size:undefined disposed:false
428 http fetch GET 200 https://registry.npmjs.org/get-intrinsic 201ms (cache miss)
429 silly packumentCache full:https://registry.npmjs.org/get-intrinsic set size:undefined disposed:false
430 http fetch GET 200 https://registry.npmjs.org/delayed-stream 350ms (cache miss)
431 silly packumentCache full:https://registry.npmjs.org/delayed-stream set size:undefined disposed:false
432 silly placeDep ROOT delayed-stream@1.0.0 OK for: combined-stream@1.0.8 want: ~1.0.0
433 silly placeDep ROOT es-errors@1.3.0 OK for: es-set-tostringtag@2.1.0 want: ^1.3.0
434 silly placeDep ROOT get-intrinsic@1.3.0 OK for: es-set-tostringtag@2.1.0 want: ^1.2.6
435 silly placeDep ROOT has-tostringtag@1.0.2 OK for: es-set-tostringtag@2.1.0 want: ^1.0.2
436 silly fetch manifest gopd@^1.2.0
437 silly packumentCache full:https://registry.npmjs.org/gopd cache-miss
438 silly fetch manifest get-proto@^1.0.1
439 silly packumentCache full:https://registry.npmjs.org/get-proto cache-miss
440 silly fetch manifest has-symbols@^1.1.0
441 silly packumentCache full:https://registry.npmjs.org/has-symbols cache-miss
442 silly fetch manifest es-object-atoms@^1.1.1
443 silly packumentCache full:https://registry.npmjs.org/es-object-atoms cache-miss
444 silly fetch manifest math-intrinsics@^1.1.0
445 silly packumentCache full:https://registry.npmjs.org/math-intrinsics cache-miss
446 silly fetch manifest es-define-property@^1.0.1
447 silly packumentCache full:https://registry.npmjs.org/es-define-property cache-miss
448 silly fetch manifest call-bind-apply-helpers@^1.0.2
449 silly packumentCache full:https://registry.npmjs.org/call-bind-apply-helpers cache-miss
450 http fetch GET 200 https://registry.npmjs.org/get-proto 49ms (cache miss)
451 silly packumentCache full:https://registry.npmjs.org/get-proto set size:undefined disposed:false
452 silly fetch manifest has-symbols@^1.0.3
453 silly packumentCache full:https://registry.npmjs.org/has-symbols cache-miss
454 http fetch GET 200 https://registry.npmjs.org/gopd 54ms (cache miss)
455 silly packumentCache full:https://registry.npmjs.org/gopd set size:undefined disposed:false
456 http fetch GET 200 https://registry.npmjs.org/math-intrinsics 60ms (cache miss)
457 silly packumentCache full:https://registry.npmjs.org/math-intrinsics set size:undefined disposed:false
458 http fetch GET 200 https://registry.npmjs.org/has-symbols 62ms (cache miss)
459 silly packumentCache full:https://registry.npmjs.org/has-symbols set size:undefined disposed:false
460 http fetch GET 200 https://registry.npmjs.org/call-bind-apply-helpers 60ms (cache miss)
461 silly packumentCache full:https://registry.npmjs.org/call-bind-apply-helpers set size:undefined disposed:false
462 http fetch GET 200 https://registry.npmjs.org/es-object-atoms 63ms (cache miss)
463 silly packumentCache full:https://registry.npmjs.org/es-object-atoms set size:undefined disposed:false
464 http fetch GET 200 https://registry.npmjs.org/es-define-property 63ms (cache miss)
465 silly packumentCache full:https://registry.npmjs.org/es-define-property set size:undefined disposed:false
466 http fetch GET 200 https://registry.npmjs.org/has-symbols 48ms (cache miss)
467 silly packumentCache full:https://registry.npmjs.org/has-symbols set size:undefined disposed:false
468 silly placeDep ROOT call-bind-apply-helpers@1.0.2 OK for: get-intrinsic@1.3.0 want: ^1.0.2
469 silly placeDep ROOT es-define-property@1.0.1 OK for: get-intrinsic@1.3.0 want: ^1.0.1
470 silly placeDep ROOT es-object-atoms@1.1.1 OK for: get-intrinsic@1.3.0 want: ^1.1.1
471 silly placeDep ROOT function-bind@1.1.2 OK for: get-intrinsic@1.3.0 want: ^1.1.2
472 silly placeDep ROOT get-proto@1.0.1 OK for: get-intrinsic@1.3.0 want: ^1.0.1
473 silly placeDep ROOT gopd@1.2.0 OK for: get-intrinsic@1.3.0 want: ^1.2.0
474 silly placeDep ROOT has-symbols@1.1.0 OK for: get-intrinsic@1.3.0 want: ^1.1.0
475 silly placeDep ROOT math-intrinsics@1.1.0 OK for: get-intrinsic@1.3.0 want: ^1.1.0
476 silly fetch manifest dunder-proto@^1.0.1
477 silly packumentCache full:https://registry.npmjs.org/dunder-proto cache-miss
478 http fetch GET 200 https://registry.npmjs.org/dunder-proto 53ms (cache miss)
479 silly packumentCache full:https://registry.npmjs.org/dunder-proto set size:undefined disposed:false
480 silly placeDep ROOT dunder-proto@1.0.1 OK for: get-proto@1.0.1 want: ^1.0.1
481 silly placeDep ROOT mime-db@1.52.0 OK for: mime-types@2.1.35 want: 1.52.0
482 silly placeDep ROOT @next/env@14.2.0 OK for: next@14.2.0 want: 14.2.0
483 silly placeDep ROOT @next/swc-darwin-arm64@14.2.0 OK for: next@14.2.0 want: 14.2.0
484 silly placeDep ROOT @next/swc-darwin-x64@14.2.0 OK for: next@14.2.0 want: 14.2.0
485 silly placeDep ROOT @next/swc-linux-arm64-gnu@14.2.0 OK for: next@14.2.0 want: 14.2.0
486 silly placeDep ROOT @next/swc-linux-arm64-musl@14.2.0 OK for: next@14.2.0 want: 14.2.0
487 silly placeDep ROOT @next/swc-linux-x64-gnu@14.2.0 OK for: next@14.2.0 want: 14.2.0
488 silly placeDep ROOT @next/swc-linux-x64-musl@14.2.0 OK for: next@14.2.0 want: 14.2.0
489 silly placeDep ROOT @next/swc-win32-arm64-msvc@14.2.0 OK for: next@14.2.0 want: 14.2.0
490 silly placeDep ROOT @next/swc-win32-ia32-msvc@14.2.0 OK for: next@14.2.0 want: 14.2.0
491 silly placeDep ROOT @next/swc-win32-x64-msvc@14.2.0 OK for: next@14.2.0 want: 14.2.0
492 silly placeDep ROOT @swc/helpers@0.5.5 OK for: next@14.2.0 want: 0.5.5
493 silly placeDep ROOT busboy@1.6.0 OK for: next@14.2.0 want: 1.6.0
494 silly placeDep ROOT graceful-fs@4.2.11 OK for: next@14.2.0 want: ^4.2.11
495 silly placeDep node_modules/next postcss@8.4.31 OK for: next@14.2.0 want: 8.4.31
496 silly placeDep ROOT styled-jsx@5.1.1 OK for: next@14.2.0 want: 5.1.1
497 silly fetch manifest tslib@^2.4.0
498 silly packumentCache full:https://registry.npmjs.org/tslib cache-miss
499 silly fetch manifest @swc/counter@^0.1.3
500 silly packumentCache full:https://registry.npmjs.org/@swc%2fcounter cache-miss
501 silly fetch manifest streamsearch@^1.1.0
502 silly packumentCache full:https://registry.npmjs.org/streamsearch cache-miss
503 silly fetch manifest nanoid@^3.3.6
504 silly packumentCache full:https://registry.npmjs.org/nanoid cache-miss
505 silly fetch manifest source-map-js@^1.0.2
506 silly packumentCache full:https://registry.npmjs.org/source-map-js cache-miss
507 silly fetch manifest client-only@0.0.1
508 silly packumentCache full:https://registry.npmjs.org/client-only cache-miss
509 http cache https://registry.npmjs.org/source-map-js 3ms (cache hit)
510 silly packumentCache full:https://registry.npmjs.org/source-map-js set size:62640 disposed:false
511 http cache https://registry.npmjs.org/nanoid 4ms (cache hit)
512 silly packumentCache full:https://registry.npmjs.org/nanoid set size:298419 disposed:false
513 http fetch GET 200 https://registry.npmjs.org/client-only 57ms (cache miss)
514 silly packumentCache full:https://registry.npmjs.org/client-only set size:undefined disposed:false
515 http fetch GET 200 https://registry.npmjs.org/tslib 76ms (cache miss)
516 silly packumentCache full:https://registry.npmjs.org/tslib set size:undefined disposed:false
517 http fetch GET 200 https://registry.npmjs.org/streamsearch 333ms (cache miss)
518 silly packumentCache full:https://registry.npmjs.org/streamsearch set size:undefined disposed:false
519 http fetch GET 200 https://registry.npmjs.org/@swc%2fcounter 759ms (cache miss)
520 silly packumentCache full:https://registry.npmjs.org/@swc%2fcounter set size:undefined disposed:false
521 silly placeDep ROOT @swc/counter@0.1.3 OK for: @swc/helpers@0.5.5 want: ^0.1.3
522 silly placeDep ROOT tslib@2.8.1 OK for: @swc/helpers@0.5.5 want: ^2.4.0
523 silly placeDep ROOT streamsearch@1.1.0 OK for: busboy@1.6.0 want: ^1.1.0
524 silly placeDep ROOT coffee-script@1.12.7 OK for: no@0.0.1 want: *
525 silly placeDep ROOT nanoid@3.3.11 OK for: postcss@8.5.8 want: ^3.3.11
526 silly placeDep ROOT source-map-js@1.2.1 OK for: postcss@8.5.8 want: ^1.2.1
527 silly placeDep ROOT loose-envify@1.4.0 OK for: react@18.3.1 want: ^1.1.0
528 silly fetch manifest js-tokens@^3.0.0 || ^4.0.0
529 silly packumentCache full:https://registry.npmjs.org/js-tokens cache-miss
530 http fetch GET 200 https://registry.npmjs.org/js-tokens 66ms (cache miss)
531 silly packumentCache full:https://registry.npmjs.org/js-tokens set size:undefined disposed:false
532 silly placeDep ROOT js-tokens@4.0.0 OK for: loose-envify@1.4.0 want: ^3.0.0 || ^4.0.0
533 silly placeDep ROOT scheduler@0.23.2 OK for: react-dom@18.3.1 want: ^0.23.2
534 silly fetch manifest react@^16.0.0 || ^17.0.0 || ^18.0.0 || ^19.0.0
535 silly packumentCache full:https://registry.npmjs.org/react cache-miss
536 http cache https://registry.npmjs.org/react 13ms (cache hit)
537 silly packumentCache full:https://registry.npmjs.org/react set size:6543561 disposed:false
538 silly fetch manifest react-dom@^16.0.0 || ^17.0.0 || ^18.0.0 || ^19.0.0
539 silly packumentCache full:https://registry.npmjs.org/react-dom cache-miss
540 http cache https://registry.npmjs.org/react-dom 16ms (cache hit)
541 silly packumentCache full:https://registry.npmjs.org/react-dom set size:8685222 disposed:false
542 silly placeDep ROOT clsx@2.1.1 OK for: recharts@2.15.4 want: ^2.0.0
543 silly placeDep ROOT eventemitter3@4.0.7 OK for: recharts@2.15.4 want: ^4.0.1
544 silly placeDep ROOT lodash@4.17.23 OK for: recharts@2.15.4 want: ^4.17.21
545 silly placeDep ROOT react-is@18.3.1 OK for: recharts@2.15.4 want: ^18.3.1
546 silly placeDep ROOT react-smooth@4.0.4 OK for: recharts@2.15.4 want: ^4.0.4
547 silly placeDep ROOT recharts-scale@0.4.5 OK for: recharts@2.15.4 want: ^0.4.4
548 silly placeDep ROOT tiny-invariant@1.3.3 OK for: recharts@2.15.4 want: ^1.3.1
549 silly placeDep ROOT victory-vendor@36.9.2 OK for: recharts@2.15.4 want: ^36.6.8
550 silly fetch manifest fast-equals@^5.0.1
551 silly packumentCache full:https://registry.npmjs.org/fast-equals cache-miss
552 silly fetch manifest prop-types@^15.8.1
553 silly packumentCache full:https://registry.npmjs.org/prop-types cache-miss
554 silly fetch manifest react-transition-group@^4.4.5
555 silly packumentCache full:https://registry.npmjs.org/react-transition-group cache-miss
556 silly fetch manifest decimal.js-light@^2.4.1
557 silly packumentCache full:https://registry.npmjs.org/decimal.js-light cache-miss
558 silly fetch manifest d3-ease@^3.0.1
559 silly packumentCache full:https://registry.npmjs.org/d3-ease cache-miss
560 silly fetch manifest d3-time@^3.0.0
561 silly packumentCache full:https://registry.npmjs.org/d3-time cache-miss
562 silly fetch manifest d3-array@^3.1.6
563 silly packumentCache full:https://registry.npmjs.org/d3-array cache-miss
564 http fetch GET 200 https://registry.npmjs.org/prop-types 74ms (cache miss)
565 silly packumentCache full:https://registry.npmjs.org/prop-types set size:undefined disposed:false
566 silly fetch manifest d3-scale@^4.0.2
567 silly packumentCache full:https://registry.npmjs.org/d3-scale cache-miss
568 http fetch GET 200 https://registry.npmjs.org/decimal.js-light 348ms (cache miss)
569 silly packumentCache full:https://registry.npmjs.org/decimal.js-light set size:undefined disposed:false
570 silly fetch manifest d3-shape@^3.1.0
571 silly packumentCache full:https://registry.npmjs.org/d3-shape cache-miss
572 http fetch GET 200 https://registry.npmjs.org/d3-ease 358ms (cache miss)
573 silly packumentCache full:https://registry.npmjs.org/d3-ease set size:undefined disposed:false
574 silly fetch manifest d3-timer@^3.0.1
575 silly packumentCache full:https://registry.npmjs.org/d3-timer cache-miss
576 http fetch GET 200 https://registry.npmjs.org/d3-time 371ms (cache miss)
577 silly packumentCache full:https://registry.npmjs.org/d3-time set size:undefined disposed:false
578 silly fetch manifest @types/d3-ease@^3.0.0
579 silly packumentCache full:https://registry.npmjs.org/@types%2fd3-ease cache-miss
580 http fetch GET 200 https://registry.npmjs.org/d3-scale 376ms (cache miss)
581 silly packumentCache full:https://registry.npmjs.org/d3-scale set size:undefined disposed:false
582 silly fetch manifest @types/d3-time@^3.0.0
583 silly packumentCache full:https://registry.npmjs.org/@types%2fd3-time cache-miss
584 http fetch GET 200 https://registry.npmjs.org/d3-array 466ms (cache miss)
585 silly packumentCache full:https://registry.npmjs.org/d3-array set size:undefined disposed:false
586 silly fetch manifest d3-interpolate@^3.0.1
587 silly packumentCache full:https://registry.npmjs.org/d3-interpolate cache-miss
588 http fetch GET 200 https://registry.npmjs.org/react-transition-group 477ms (cache miss)
589 silly packumentCache full:https://registry.npmjs.org/react-transition-group set size:undefined disposed:false
590 silly fetch manifest @types/d3-array@^3.0.3
591 silly packumentCache full:https://registry.npmjs.org/@types%2fd3-array cache-miss
592 http fetch GET 200 https://registry.npmjs.org/fast-equals 564ms (cache miss)
593 silly packumentCache full:https://registry.npmjs.org/fast-equals set size:undefined disposed:false
594 silly fetch manifest @types/d3-scale@^4.0.2
595 silly packumentCache full:https://registry.npmjs.org/@types%2fd3-scale cache-miss
596 http fetch GET 200 https://registry.npmjs.org/d3-timer 334ms (cache miss)
597 silly packumentCache full:https://registry.npmjs.org/d3-timer set size:undefined disposed:false
598 silly fetch manifest @types/d3-shape@^3.1.0
599 silly packumentCache full:https://registry.npmjs.org/@types%2fd3-shape cache-miss
600 http fetch GET 200 https://registry.npmjs.org/d3-shape 387ms (cache miss)
601 silly packumentCache full:https://registry.npmjs.org/d3-shape set size:undefined disposed:false
602 silly fetch manifest @types/d3-timer@^3.0.0
603 silly packumentCache full:https://registry.npmjs.org/@types%2fd3-timer cache-miss
604 http fetch GET 200 https://registry.npmjs.org/d3-interpolate 398ms (cache miss)
605 silly packumentCache full:https://registry.npmjs.org/d3-interpolate set size:undefined disposed:false
606 silly fetch manifest @types/d3-interpolate@^3.0.1
607 silly packumentCache full:https://registry.npmjs.org/@types%2fd3-interpolate cache-miss
608 http fetch GET 200 https://registry.npmjs.org/@types%2fd3-ease 596ms (cache miss)
609 silly packumentCache full:https://registry.npmjs.org/@types%2fd3-ease set size:undefined disposed:false
610 http fetch GET 200 https://registry.npmjs.org/@types%2fd3-time 590ms (cache miss)
611 silly packumentCache full:https://registry.npmjs.org/@types%2fd3-time set size:undefined disposed:false
612 http fetch GET 200 https://registry.npmjs.org/@types%2fd3-array 724ms (cache miss)
613 silly packumentCache full:https://registry.npmjs.org/@types%2fd3-array set size:undefined disposed:false
614 http fetch GET 200 https://registry.npmjs.org/@types%2fd3-timer 654ms (cache miss)
615 silly packumentCache full:https://registry.npmjs.org/@types%2fd3-timer set size:undefined disposed:false
616 http fetch GET 200 https://registry.npmjs.org/@types%2fd3-interpolate 637ms (cache miss)
617 silly packumentCache full:https://registry.npmjs.org/@types%2fd3-interpolate set size:undefined disposed:false
618 http fetch GET 200 https://registry.npmjs.org/@types%2fd3-shape 1118ms (cache miss)
619 silly packumentCache full:https://registry.npmjs.org/@types%2fd3-shape set size:undefined disposed:false
620 http fetch GET 200 https://registry.npmjs.org/@types%2fd3-scale 1645ms (cache miss)
621 silly packumentCache full:https://registry.npmjs.org/@types%2fd3-scale set size:undefined disposed:false
622 silly fetch manifest react@^16.8.0 || ^17.0.0 || ^18.0.0 || ^19.0.0
623 silly packumentCache full:https://registry.npmjs.org/react cache-miss
624 http cache https://registry.npmjs.org/react 7ms (cache hit)
625 silly packumentCache full:https://registry.npmjs.org/react set size:6543561 disposed:false
626 silly fetch manifest react-dom@^16.8.0 || ^17.0.0 || ^18.0.0 || ^19.0.0
627 silly packumentCache full:https://registry.npmjs.org/react-dom cache-miss
628 http cache https://registry.npmjs.org/react-dom 11ms (cache hit)
629 silly packumentCache full:https://registry.npmjs.org/react-dom set size:8685222 disposed:false
630 silly placeDep ROOT fast-equals@5.4.0 OK for: react-smooth@4.0.4 want: ^5.0.1
631 silly placeDep ROOT prop-types@15.8.1 OK for: react-smooth@4.0.4 want: ^15.8.1
632 silly placeDep ROOT react-transition-group@4.4.5 OK for: react-smooth@4.0.4 want: ^4.4.5
633 silly fetch manifest object-assign@^4.1.1
634 silly packumentCache full:https://registry.npmjs.org/object-assign cache-miss
635 silly fetch manifest react-is@^16.13.1
636 silly packumentCache full:https://registry.npmjs.org/react-is cache-miss
637 silly fetch manifest @babel/runtime@^7.5.5
638 silly packumentCache full:https://registry.npmjs.org/@babel%2fruntime cache-miss
639 silly fetch manifest dom-helpers@^5.0.1
640 silly packumentCache full:https://registry.npmjs.org/dom-helpers cache-miss
641 http cache https://registry.npmjs.org/react-is 19ms (cache hit)
642 silly packumentCache full:https://registry.npmjs.org/react-is set size:5297550 disposed:false
643 http fetch GET 200 https://registry.npmjs.org/object-assign 54ms (cache miss)
644 silly packumentCache full:https://registry.npmjs.org/object-assign set size:undefined disposed:false
645 http fetch GET 200 https://registry.npmjs.org/dom-helpers 392ms (cache miss)
646 silly packumentCache full:https://registry.npmjs.org/dom-helpers set size:undefined disposed:false
647 http fetch GET 200 https://registry.npmjs.org/@babel%2fruntime 468ms (cache miss)
648 silly packumentCache full:https://registry.npmjs.org/@babel%2fruntime set size:undefined disposed:false
649 silly placeDep ROOT object-assign@4.1.1 OK for: prop-types@15.8.1 want: ^4.1.1
650 silly placeDep node_modules/prop-types react-is@16.13.1 OK for: prop-types@15.8.1 want: ^16.13.1
651 silly placeDep ROOT @babel/runtime@7.28.6 OK for: react-transition-group@4.4.5 want: ^7.5.5
652 silly placeDep ROOT dom-helpers@5.2.1 OK for: react-transition-group@4.4.5 want: ^5.0.1
653 silly placeDep ROOT decimal.js-light@2.5.1 OK for: recharts-scale@0.4.5 want: ^2.4.1
654 silly placeDep ROOT client-only@0.0.1 OK for: styled-jsx@5.1.1 want: 0.0.1
655 silly fetch manifest postcss@^8.4.47
656 silly packumentCache full:https://registry.npmjs.org/postcss cache-hit
657 silly fetch manifest tsx@^4.8.1
658 silly packumentCache full:https://registry.npmjs.org/tsx cache-miss
659 http fetch GET 200 https://registry.npmjs.org/tsx 379ms (cache miss)
660 silly packumentCache full:https://registry.npmjs.org/tsx set size:undefined disposed:false
661 silly fetch manifest yaml@^2.4.2
662 silly packumentCache full:https://registry.npmjs.org/yaml cache-miss
663 http fetch GET 200 https://registry.npmjs.org/yaml 199ms (cache miss)
664 silly packumentCache full:https://registry.npmjs.org/yaml set size:undefined disposed:false
665 silly placeDep ROOT @alloc/quick-lru@5.2.0 OK for: tailwindcss@3.4.19 want: ^5.2.0
666 silly placeDep ROOT arg@5.0.2 OK for: tailwindcss@3.4.19 want: ^5.0.2
667 silly placeDep ROOT chokidar@3.6.0 OK for: tailwindcss@3.4.19 want: ^3.6.0
668 silly placeDep ROOT didyoumean@1.2.2 OK for: tailwindcss@3.4.19 want: ^1.2.2
669 silly placeDep ROOT dlv@1.1.3 OK for: tailwindcss@3.4.19 want: ^1.1.3
670 silly placeDep ROOT fast-glob@3.3.3 OK for: tailwindcss@3.4.19 want: ^3.3.2
671 silly placeDep ROOT glob-parent@6.0.2 OK for: tailwindcss@3.4.19 want: ^6.0.2
672 silly placeDep ROOT is-glob@4.0.3 OK for: tailwindcss@3.4.19 want: ^4.0.3
673 silly placeDep ROOT jiti@1.21.7 OK for: tailwindcss@3.4.19 want: ^1.21.7
674 silly placeDep ROOT lilconfig@3.1.3 OK for: tailwindcss@3.4.19 want: ^3.1.3
675 silly placeDep ROOT micromatch@4.0.8 OK for: tailwindcss@3.4.19 want: ^4.0.8
676 silly placeDep ROOT normalize-path@3.0.0 OK for: tailwindcss@3.4.19 want: ^3.0.0
677 silly placeDep ROOT object-hash@3.0.0 OK for: tailwindcss@3.4.19 want: ^3.0.0
678 silly placeDep ROOT postcss-import@15.1.0 OK for: tailwindcss@3.4.19 want: ^15.1.0
679 silly placeDep ROOT postcss-js@4.1.0 OK for: tailwindcss@3.4.19 want: ^4.0.1
680 silly placeDep ROOT postcss-load-config@6.0.1 OK for: tailwindcss@3.4.19 want: ^4.0.2 || ^5.0 || ^6.0
681 silly placeDep ROOT postcss-nested@6.2.0 OK for: tailwindcss@3.4.19 want: ^6.2.0
682 silly placeDep ROOT postcss-selector-parser@6.1.2 OK for: tailwindcss@3.4.19 want: ^6.1.2
683 silly placeDep ROOT resolve@1.22.11 OK for: tailwindcss@3.4.19 want: ^1.22.8
684 silly placeDep ROOT sucrase@3.35.1 OK for: tailwindcss@3.4.19 want: ^3.35.0
685 silly fetch manifest braces@~3.0.2
686 silly packumentCache full:https://registry.npmjs.org/braces cache-miss
687 silly fetch manifest is-glob@~4.0.1
688 silly packumentCache full:https://registry.npmjs.org/is-glob cache-miss
689 silly fetch manifest anymatch@~3.1.2
690 silly packumentCache full:https://registry.npmjs.org/anymatch cache-miss
691 silly fetch manifest readdirp@~3.6.0
692 silly packumentCache full:https://registry.npmjs.org/readdirp cache-miss
693 silly fetch manifest glob-parent@~5.1.2
694 silly packumentCache full:https://registry.npmjs.org/glob-parent cache-miss
695 silly fetch manifest is-binary-path@~2.1.0
696 silly packumentCache full:https://registry.npmjs.org/is-binary-path cache-miss
697 silly fetch manifest normalize-path@~3.0.0
698 silly packumentCache full:https://registry.npmjs.org/normalize-path cache-miss
699 http cache https://registry.npmjs.org/is-glob 4ms (cache hit)
700 silly packumentCache full:https://registry.npmjs.org/is-glob set size:40530 disposed:false
701 silly fetch manifest fsevents@~2.3.2
702 silly packumentCache full:https://registry.npmjs.org/fsevents cache-miss
703 http cache https://registry.npmjs.org/glob-parent 3ms (cache hit)
704 silly packumentCache full:https://registry.npmjs.org/glob-parent set size:42445 disposed:false
705 silly fetch manifest @nodelib/fs.stat@^2.0.2
706 silly packumentCache full:https://registry.npmjs.org/@nodelib%2ffs.stat cache-miss
707 http cache https://registry.npmjs.org/normalize-path 5ms (cache hit)
708 silly packumentCache full:https://registry.npmjs.org/normalize-path set size:28713 disposed:false
709 silly fetch manifest @nodelib/fs.walk@^1.2.3
710 silly packumentCache full:https://registry.npmjs.org/@nodelib%2ffs.walk cache-miss
711 http fetch GET 200 https://registry.npmjs.org/anymatch 143ms (cache miss)
712 silly packumentCache full:https://registry.npmjs.org/anymatch set size:undefined disposed:false
713 silly fetch manifest glob-parent@^5.1.2
714 silly packumentCache full:https://registry.npmjs.org/glob-parent cache-hit
715 silly fetch manifest merge2@^1.3.0
716 silly packumentCache full:https://registry.npmjs.org/merge2 cache-miss
717 http fetch GET 200 https://registry.npmjs.org/is-binary-path 182ms (cache miss)
718 silly packumentCache full:https://registry.npmjs.org/is-binary-path set size:undefined disposed:false
719 silly fetch manifest is-extglob@^2.1.1
720 silly packumentCache full:https://registry.npmjs.org/is-extglob cache-miss
721 http fetch GET 200 https://registry.npmjs.org/merge2 48ms (cache miss)
722 silly packumentCache full:https://registry.npmjs.org/merge2 set size:undefined disposed:false
723 silly fetch manifest braces@^3.0.3
724 silly packumentCache full:https://registry.npmjs.org/braces cache-miss
725 http fetch GET 200 https://registry.npmjs.org/is-extglob 60ms (cache miss)
726 silly packumentCache full:https://registry.npmjs.org/is-extglob set size:undefined disposed:false
727 silly fetch manifest picomatch@^2.3.1
728 silly packumentCache full:https://registry.npmjs.org/picomatch cache-miss
729 http fetch GET 200 https://registry.npmjs.org/@nodelib%2ffs.stat 240ms (cache miss)
730 silly packumentCache full:https://registry.npmjs.org/@nodelib%2ffs.stat set size:undefined disposed:false
731 silly fetch manifest resolve@^1.1.7
732 silly packumentCache full:https://registry.npmjs.org/resolve cache-miss
733 http cache https://registry.npmjs.org/resolve 2ms (cache hit)
734 silly packumentCache full:https://registry.npmjs.org/resolve set size:238156 disposed:false
735 silly fetch manifest read-cache@^1.0.0
736 silly packumentCache full:https://registry.npmjs.org/read-cache cache-miss
737 http fetch GET 200 https://registry.npmjs.org/fsevents 266ms (cache miss)
738 silly packumentCache full:https://registry.npmjs.org/fsevents set size:undefined disposed:false
739 silly fetch manifest camelcase-css@^2.0.1
740 silly packumentCache full:https://registry.npmjs.org/camelcase-css cache-miss
741 http fetch GET 200 https://registry.npmjs.org/braces 146ms (cache miss)
742 silly packumentCache full:https://registry.npmjs.org/braces set size:undefined disposed:false
743 silly fetch manifest postcss-selector-parser@^6.1.1
744 silly packumentCache full:https://registry.npmjs.org/postcss-selector-parser cache-miss
745 http cache https://registry.npmjs.org/postcss-selector-parser 1ms (cache hit)
746 silly packumentCache full:https://registry.npmjs.org/postcss-selector-parser set size:177140 disposed:false
747 silly fetch manifest cssesc@^3.0.0
748 silly packumentCache full:https://registry.npmjs.org/cssesc cache-miss
749 http fetch GET 200 https://registry.npmjs.org/braces 356ms (cache miss)
750 silly packumentCache full:https://registry.npmjs.org/braces set size:undefined disposed:false
751 silly fetch manifest util-deprecate@^1.0.2
752 silly packumentCache full:https://registry.npmjs.org/util-deprecate cache-miss
753 http fetch GET 200 https://registry.npmjs.org/picomatch 140ms (cache miss)
754 silly packumentCache full:https://registry.npmjs.org/picomatch set size:undefined disposed:false
755 silly fetch manifest path-parse@^1.0.7
756 silly packumentCache full:https://registry.npmjs.org/path-parse cache-miss
757 http fetch GET 200 https://registry.npmjs.org/util-deprecate 42ms (cache miss)
758 silly packumentCache full:https://registry.npmjs.org/util-deprecate set size:undefined disposed:false
759 silly fetch manifest is-core-module@^2.16.1
760 silly packumentCache full:https://registry.npmjs.org/is-core-module cache-miss
761 http fetch GET 200 https://registry.npmjs.org/cssesc 59ms (cache miss)
762 silly packumentCache full:https://registry.npmjs.org/cssesc set size:undefined disposed:false
763 silly fetch manifest supports-preserve-symlinks-flag@^1.0.0
764 silly packumentCache full:https://registry.npmjs.org/supports-preserve-symlinks-flag cache-miss
765 http fetch GET 200 https://registry.npmjs.org/readdirp 402ms (cache miss)
766 silly packumentCache full:https://registry.npmjs.org/readdirp set size:undefined disposed:false
767 silly fetch manifest @jridgewell/gen-mapping@^0.3.2
768 silly packumentCache full:https://registry.npmjs.org/@jridgewell%2fgen-mapping cache-miss
769 http fetch GET 200 https://registry.npmjs.org/supports-preserve-symlinks-flag 39ms (cache miss)
770 silly packumentCache full:https://registry.npmjs.org/supports-preserve-symlinks-flag set size:undefined disposed:false
771 silly fetch manifest commander@^4.0.0
772 silly packumentCache full:https://registry.npmjs.org/commander cache-miss
773 http fetch GET 200 https://registry.npmjs.org/is-core-module 64ms (cache miss)
774 silly packumentCache full:https://registry.npmjs.org/is-core-module set size:undefined disposed:false
775 silly fetch manifest lines-and-columns@^1.1.6
776 silly packumentCache full:https://registry.npmjs.org/lines-and-columns cache-miss
777 http fetch GET 200 https://registry.npmjs.org/commander 52ms (cache miss)
778 silly packumentCache full:https://registry.npmjs.org/commander set size:undefined disposed:false
779 silly fetch manifest mz@^2.7.0
780 silly packumentCache full:https://registry.npmjs.org/mz cache-miss
781 http fetch GET 200 https://registry.npmjs.org/@nodelib%2ffs.walk 514ms (cache miss)
782 silly packumentCache full:https://registry.npmjs.org/@nodelib%2ffs.walk set size:undefined disposed:false
783 silly fetch manifest pirates@^4.0.1
784 silly packumentCache full:https://registry.npmjs.org/pirates cache-miss
785 http fetch GET 200 https://registry.npmjs.org/lines-and-columns 58ms (cache miss)
786 silly packumentCache full:https://registry.npmjs.org/lines-and-columns set size:undefined disposed:false
787 silly fetch manifest tinyglobby@^0.2.11
788 silly packumentCache full:https://registry.npmjs.org/tinyglobby cache-miss
789 http fetch GET 200 https://registry.npmjs.org/read-cache 326ms (cache miss)
790 silly packumentCache full:https://registry.npmjs.org/read-cache set size:undefined disposed:false
791 silly fetch manifest ts-interface-checker@^0.1.9
792 silly packumentCache full:https://registry.npmjs.org/ts-interface-checker cache-miss
793 http fetch GET 200 https://registry.npmjs.org/pirates 147ms (cache miss)
794 silly packumentCache full:https://registry.npmjs.org/pirates set size:undefined disposed:false
795 http fetch GET 200 https://registry.npmjs.org/@jridgewell%2fgen-mapping 264ms (cache miss)
796 silly packumentCache full:https://registry.npmjs.org/@jridgewell%2fgen-mapping set size:undefined disposed:false
797 http fetch GET 200 https://registry.npmjs.org/path-parse 325ms (cache miss)
798 silly packumentCache full:https://registry.npmjs.org/path-parse set size:undefined disposed:false
799 http fetch GET 200 https://registry.npmjs.org/mz 322ms (cache miss)
800 silly packumentCache full:https://registry.npmjs.org/mz set size:undefined disposed:false
801 http fetch GET 200 https://registry.npmjs.org/tinyglobby 308ms (cache miss)
802 silly packumentCache full:https://registry.npmjs.org/tinyglobby set size:undefined disposed:false
803 http fetch GET 200 https://registry.npmjs.org/ts-interface-checker 409ms (cache miss)
804 silly packumentCache full:https://registry.npmjs.org/ts-interface-checker set size:undefined disposed:false
805 http fetch GET 200 https://registry.npmjs.org/camelcase-css 923ms (cache miss)
806 silly packumentCache full:https://registry.npmjs.org/camelcase-css set size:undefined disposed:false
807 silly placeDep ROOT anymatch@3.1.3 OK for: chokidar@3.6.0 want: ~3.1.2
808 silly placeDep ROOT braces@3.0.3 OK for: chokidar@3.6.0 want: ~3.0.2
809 silly placeDep ROOT fsevents@2.3.3 OK for: chokidar@3.6.0 want: ~2.3.2
810 silly placeDep node_modules/chokidar glob-parent@5.1.2 OK for: chokidar@3.6.0 want: ~5.1.2
811 silly placeDep ROOT is-binary-path@2.1.0 OK for: chokidar@3.6.0 want: ~2.1.0
812 silly placeDep ROOT readdirp@3.6.0 OK for: chokidar@3.6.0 want: ~3.6.0
813 silly fetch manifest picomatch@^2.0.4
814 silly packumentCache full:https://registry.npmjs.org/picomatch cache-miss
815 silly fetch manifest fill-range@^7.1.1
816 silly packumentCache full:https://registry.npmjs.org/fill-range cache-miss
817 silly fetch manifest binary-extensions@^2.0.0
818 silly packumentCache full:https://registry.npmjs.org/binary-extensions cache-miss
819 silly fetch manifest picomatch@^2.2.1
820 silly packumentCache full:https://registry.npmjs.org/picomatch cache-miss
821 http cache https://registry.npmjs.org/picomatch 2ms (cache hit)
822 silly packumentCache full:https://registry.npmjs.org/picomatch set size:118818 disposed:false
823 http cache https://registry.npmjs.org/picomatch 2ms (cache hit)
824 silly packumentCache full:https://registry.npmjs.org/picomatch set size:118818 disposed:false
825 silly packumentCache full:https://registry.npmjs.org/picomatch dispose
826 http fetch GET 200 https://registry.npmjs.org/binary-extensions 60ms (cache miss)
827 silly packumentCache full:https://registry.npmjs.org/binary-extensions set size:undefined disposed:false
828 http fetch GET 200 https://registry.npmjs.org/fill-range 76ms (cache miss)
829 silly packumentCache full:https://registry.npmjs.org/fill-range set size:undefined disposed:false
830 silly placeDep ROOT picomatch@2.3.1 OK for: anymatch@3.1.3 want: ^2.0.4
831 silly placeDep ROOT fill-range@7.1.1 OK for: braces@3.0.3 want: ^7.1.1
832 silly fetch manifest to-regex-range@^5.0.1
833 silly packumentCache full:https://registry.npmjs.org/to-regex-range cache-miss
834 http fetch GET 200 https://registry.npmjs.org/to-regex-range 92ms (cache miss)
835 silly packumentCache full:https://registry.npmjs.org/to-regex-range set size:undefined disposed:false
836 silly placeDep ROOT @nodelib/fs.stat@2.0.5 OK for: fast-glob@3.3.3 want: ^2.0.2
837 silly placeDep ROOT @nodelib/fs.walk@1.2.8 OK for: fast-glob@3.3.3 want: ^1.2.3
838 silly placeDep node_modules/fast-glob glob-parent@5.1.2 OK for: fast-glob@3.3.3 want: ^5.1.2
839 silly placeDep ROOT merge2@1.4.1 OK for: fast-glob@3.3.3 want: ^1.3.0
840 silly fetch manifest fastq@^1.6.0
841 silly packumentCache full:https://registry.npmjs.org/fastq cache-miss
842 silly fetch manifest @nodelib/fs.scandir@2.1.5
843 silly packumentCache full:https://registry.npmjs.org/@nodelib%2ffs.scandir cache-miss
844 http fetch GET 200 https://registry.npmjs.org/fastq 44ms (cache miss)
845 silly packumentCache full:https://registry.npmjs.org/fastq set size:undefined disposed:false
846 http fetch GET 200 https://registry.npmjs.org/@nodelib%2ffs.scandir 204ms (cache miss)
847 silly packumentCache full:https://registry.npmjs.org/@nodelib%2ffs.scandir set size:undefined disposed:false
848 silly placeDep ROOT @nodelib/fs.scandir@2.1.5 OK for: @nodelib/fs.walk@1.2.8 want: 2.1.5
849 silly placeDep ROOT fastq@1.20.1 OK for: @nodelib/fs.walk@1.2.8 want: ^1.6.0
850 silly fetch manifest run-parallel@^1.1.9
851 silly packumentCache full:https://registry.npmjs.org/run-parallel cache-miss
852 silly fetch manifest reusify@^1.0.4
853 silly packumentCache full:https://registry.npmjs.org/reusify cache-miss
854 http fetch GET 200 https://registry.npmjs.org/reusify 50ms (cache miss)
855 silly packumentCache full:https://registry.npmjs.org/reusify set size:undefined disposed:false
856 http fetch GET 200 https://registry.npmjs.org/run-parallel 141ms (cache miss)
857 silly packumentCache full:https://registry.npmjs.org/run-parallel set size:undefined disposed:false
858 silly placeDep ROOT run-parallel@1.2.0 OK for: @nodelib/fs.scandir@2.1.5 want: ^1.1.9
859 silly fetch manifest queue-microtask@^1.2.2
860 silly packumentCache full:https://registry.npmjs.org/queue-microtask cache-miss
861 http fetch GET 200 https://registry.npmjs.org/queue-microtask 58ms (cache miss)
862 silly packumentCache full:https://registry.npmjs.org/queue-microtask set size:undefined disposed:false
863 silly placeDep ROOT reusify@1.1.0 OK for: fastq@1.20.1 want: ^1.0.4
864 silly placeDep ROOT to-regex-range@5.0.1 OK for: fill-range@7.1.1 want: ^5.0.1
865 silly fetch manifest is-number@^7.0.0
866 silly packumentCache full:https://registry.npmjs.org/is-number cache-miss
867 http fetch GET 200 https://registry.npmjs.org/is-number 59ms (cache miss)
868 silly packumentCache full:https://registry.npmjs.org/is-number set size:undefined disposed:false
869 silly placeDep ROOT binary-extensions@2.3.0 OK for: is-binary-path@2.1.0 want: ^2.0.0
870 silly placeDep ROOT is-extglob@2.1.1 OK for: is-glob@4.0.3 want: ^2.1.1
871 silly placeDep ROOT read-cache@1.0.0 OK for: postcss-import@15.1.0 want: ^1.0.0
872 silly fetch manifest pify@^2.3.0
873 silly packumentCache full:https://registry.npmjs.org/pify cache-miss
874 http fetch GET 200 https://registry.npmjs.org/pify 404ms (cache miss)
875 silly packumentCache full:https://registry.npmjs.org/pify set size:undefined disposed:false
876 silly placeDep ROOT camelcase-css@2.0.1 OK for: postcss-js@4.1.0 want: ^2.0.1
877 silly placeDep ROOT cssesc@3.0.0 OK for: postcss-selector-parser@6.1.2 want: ^3.0.0
878 silly placeDep ROOT util-deprecate@1.0.2 OK for: postcss-selector-parser@6.1.2 want: ^1.0.2
879 silly placeDep ROOT pify@2.3.0 OK for: read-cache@1.0.0 want: ^2.3.0
880 silly placeDep ROOT is-core-module@2.16.1 OK for: resolve@1.22.11 want: ^2.16.1
881 silly placeDep ROOT path-parse@1.0.7 OK for: resolve@1.22.11 want: ^1.0.7
882 silly placeDep ROOT supports-preserve-symlinks-flag@1.0.0 OK for: resolve@1.22.11 want: ^1.0.0
883 silly placeDep ROOT queue-microtask@1.2.3 OK for: run-parallel@1.2.0 want: ^1.2.2
884 silly placeDep ROOT @jridgewell/gen-mapping@0.3.13 OK for: sucrase@3.35.1 want: ^0.3.2
885 silly placeDep ROOT commander@4.1.1 OK for: sucrase@3.35.1 want: ^4.0.0
886 silly placeDep ROOT lines-and-columns@1.2.4 OK for: sucrase@3.35.1 want: ^1.1.6
887 silly placeDep ROOT mz@2.7.0 OK for: sucrase@3.35.1 want: ^2.7.0
888 silly placeDep ROOT pirates@4.0.7 OK for: sucrase@3.35.1 want: ^4.0.1
889 silly placeDep ROOT tinyglobby@0.2.15 OK for: sucrase@3.35.1 want: ^0.2.11
890 silly placeDep ROOT ts-interface-checker@0.1.13 OK for: sucrase@3.35.1 want: ^0.1.9
891 silly fetch manifest @jridgewell/sourcemap-codec@^1.5.0
892 silly packumentCache full:https://registry.npmjs.org/@jridgewell%2fsourcemap-codec cache-miss
893 silly fetch manifest @jridgewell/trace-mapping@^0.3.24
894 silly packumentCache full:https://registry.npmjs.org/@jridgewell%2ftrace-mapping cache-miss
895 silly fetch manifest any-promise@^1.0.0
896 silly packumentCache full:https://registry.npmjs.org/any-promise cache-miss
897 silly fetch manifest thenify-all@^1.0.0
898 silly packumentCache full:https://registry.npmjs.org/thenify-all cache-miss
899 silly fetch manifest fdir@^6.5.0
900 silly packumentCache full:https://registry.npmjs.org/fdir cache-miss
901 silly fetch manifest picomatch@^4.0.3
902 silly packumentCache full:https://registry.npmjs.org/picomatch cache-hit
903 http fetch GET 200 https://registry.npmjs.org/@jridgewell%2fsourcemap-codec 190ms (cache miss)
904 silly packumentCache full:https://registry.npmjs.org/@jridgewell%2fsourcemap-codec set size:undefined disposed:false
905 http fetch GET 200 https://registry.npmjs.org/thenify-all 309ms (cache miss)
906 silly packumentCache full:https://registry.npmjs.org/thenify-all set size:undefined disposed:false
907 http fetch GET 200 https://registry.npmjs.org/any-promise 327ms (cache miss)
908 silly packumentCache full:https://registry.npmjs.org/any-promise set size:undefined disposed:false
909 http fetch GET 200 https://registry.npmjs.org/fdir 354ms (cache miss)
910 silly packumentCache full:https://registry.npmjs.org/fdir set size:undefined disposed:false
911 http fetch GET 200 https://registry.npmjs.org/@jridgewell%2ftrace-mapping 518ms (cache miss)
912 silly packumentCache full:https://registry.npmjs.org/@jridgewell%2ftrace-mapping set size:undefined disposed:false
913 silly placeDep ROOT @jridgewell/sourcemap-codec@1.5.5 OK for: @jridgewell/gen-mapping@0.3.13 want: ^1.5.0
914 silly placeDep ROOT @jridgewell/trace-mapping@0.3.31 OK for: @jridgewell/gen-mapping@0.3.13 want: ^0.3.24
915 silly fetch manifest @jridgewell/resolve-uri@^3.1.0
916 silly packumentCache full:https://registry.npmjs.org/@jridgewell%2fresolve-uri cache-miss
917 http fetch GET 200 https://registry.npmjs.org/@jridgewell%2fresolve-uri 523ms (cache miss)
918 silly packumentCache full:https://registry.npmjs.org/@jridgewell%2fresolve-uri set size:undefined disposed:false
919 silly placeDep ROOT @jridgewell/resolve-uri@3.1.2 OK for: @jridgewell/trace-mapping@0.3.31 want: ^3.1.0
920 silly placeDep ROOT any-promise@1.3.0 OK for: mz@2.7.0 want: ^1.0.0
921 silly placeDep ROOT thenify-all@1.6.0 OK for: mz@2.7.0 want: ^1.0.0
922 silly fetch manifest thenify@>= 3.1.0 < 4
923 silly packumentCache full:https://registry.npmjs.org/thenify cache-miss
924 http fetch GET 200 https://registry.npmjs.org/thenify 329ms (cache miss)
925 silly packumentCache full:https://registry.npmjs.org/thenify set size:undefined disposed:false
926 silly placeDep ROOT thenify@3.3.1 OK for: thenify-all@1.6.0 want: >= 3.1.0 < 4
927 silly placeDep node_modules/tinyglobby fdir@6.5.0 OK for: tinyglobby@0.2.15 want: ^6.5.0
928 silly placeDep node_modules/tinyglobby picomatch@4.0.3 OK for: fdir@6.5.0 want: ^3 || ^4
929 silly placeDep ROOT is-number@7.0.0 OK for: to-regex-range@5.0.1 want: ^7.0.0
930 silly placeDep ROOT escalade@3.2.0 OK for: update-browserslist-db@1.2.3 want: ^3.2.0
931 silly placeDep ROOT @types/d3-array@3.2.2 OK for: victory-vendor@36.9.2 want: ^3.0.3
932 silly placeDep ROOT @types/d3-ease@3.0.2 OK for: victory-vendor@36.9.2 want: ^3.0.0
933 silly placeDep ROOT @types/d3-interpolate@3.0.4 OK for: victory-vendor@36.9.2 want: ^3.0.1
934 silly placeDep ROOT @types/d3-scale@4.0.9 OK for: victory-vendor@36.9.2 want: ^4.0.2
935 silly placeDep ROOT @types/d3-shape@3.1.8 OK for: victory-vendor@36.9.2 want: ^3.1.0
936 silly placeDep ROOT @types/d3-time@3.0.4 OK for: victory-vendor@36.9.2 want: ^3.0.0
937 silly placeDep ROOT @types/d3-timer@3.0.2 OK for: victory-vendor@36.9.2 want: ^3.0.0
938 silly placeDep ROOT d3-array@3.2.4 OK for: victory-vendor@36.9.2 want: ^3.1.6
939 silly placeDep ROOT d3-ease@3.0.1 OK for: victory-vendor@36.9.2 want: ^3.0.1
940 silly placeDep ROOT d3-interpolate@3.0.1 OK for: victory-vendor@36.9.2 want: ^3.0.1
941 silly placeDep ROOT d3-scale@4.0.2 OK for: victory-vendor@36.9.2 want: ^4.0.2
942 silly placeDep ROOT d3-shape@3.2.0 OK for: victory-vendor@36.9.2 want: ^3.1.0
943 silly placeDep ROOT d3-time@3.1.0 OK for: victory-vendor@36.9.2 want: ^3.0.0
944 silly placeDep ROOT d3-timer@3.0.1 OK for: victory-vendor@36.9.2 want: ^3.0.1
945 silly fetch manifest @types/d3-color@*
946 silly packumentCache full:https://registry.npmjs.org/@types%2fd3-color cache-miss
947 silly fetch manifest @types/d3-time@*
948 silly packumentCache full:https://registry.npmjs.org/@types%2fd3-time cache-miss
949 silly fetch manifest @types/d3-path@*
950 silly packumentCache full:https://registry.npmjs.org/@types%2fd3-path cache-miss
951 silly fetch manifest internmap@1 - 2
952 silly packumentCache full:https://registry.npmjs.org/internmap cache-miss
953 silly fetch manifest d3-color@1 - 3
954 silly packumentCache full:https://registry.npmjs.org/d3-color cache-miss
955 silly fetch manifest d3-format@1 - 3
956 silly packumentCache full:https://registry.npmjs.org/d3-format cache-miss
957 silly fetch manifest d3-time@2.1.1 - 3
958 silly packumentCache full:https://registry.npmjs.org/d3-time cache-miss
959 http cache https://registry.npmjs.org/@types%2fd3-time 3ms (cache hit)
960 silly packumentCache full:https://registry.npmjs.org/@types%2fd3-time set size:52652 disposed:false
961 silly fetch manifest d3-time-format@2 - 4
962 silly packumentCache full:https://registry.npmjs.org/d3-time-format cache-miss
963 http cache https://registry.npmjs.org/d3-time 4ms (cache hit)
964 silly packumentCache full:https://registry.npmjs.org/d3-time set size:150406 disposed:false
965 silly fetch manifest d3-path@^3.1.0
966 silly packumentCache full:https://registry.npmjs.org/d3-path cache-miss
967 http fetch GET 200 https://registry.npmjs.org/internmap 325ms (cache miss)
968 silly packumentCache full:https://registry.npmjs.org/internmap set size:undefined disposed:false
969 http fetch GET 200 https://registry.npmjs.org/d3-format 342ms (cache miss)
970 silly packumentCache full:https://registry.npmjs.org/d3-format set size:undefined disposed:false
971 http fetch GET 200 https://registry.npmjs.org/d3-path 359ms (cache miss)
972 silly packumentCache full:https://registry.npmjs.org/d3-path set size:undefined disposed:false
973 http fetch GET 200 https://registry.npmjs.org/d3-time-format 362ms (cache miss)
974 silly packumentCache full:https://registry.npmjs.org/d3-time-format set size:undefined disposed:false
975 http fetch GET 200 https://registry.npmjs.org/d3-color 397ms (cache miss)
976 silly packumentCache full:https://registry.npmjs.org/d3-color set size:undefined disposed:false
977 http fetch GET 200 https://registry.npmjs.org/@types%2fd3-color 593ms (cache miss)
978 silly packumentCache full:https://registry.npmjs.org/@types%2fd3-color set size:undefined disposed:false
979 http fetch GET 200 https://registry.npmjs.org/@types%2fd3-path 608ms (cache miss)
980 silly packumentCache full:https://registry.npmjs.org/@types%2fd3-path set size:undefined disposed:false
981 silly placeDep ROOT @types/d3-color@3.1.3 OK for: @types/d3-interpolate@3.0.4 want: *
982 silly placeDep ROOT @types/d3-path@3.1.1 OK for: @types/d3-shape@3.1.8 want: *
983 silly placeDep ROOT internmap@2.0.3 OK for: d3-array@3.2.4 want: 1 - 2
984 silly placeDep ROOT d3-color@3.1.0 OK for: d3-interpolate@3.0.1 want: 1 - 3
985 silly placeDep ROOT d3-format@3.1.2 OK for: d3-scale@4.0.2 want: 1 - 3
986 silly placeDep ROOT d3-time-format@4.1.0 OK for: d3-scale@4.0.2 want: 2 - 4
987 silly placeDep ROOT d3-path@3.1.0 OK for: d3-shape@3.2.0 want: ^3.1.0
988 silly reify moves {}
989 silly audit bulk request {
989 silly audit   '@types/node': [ '20.19.37' ],
989 silly audit   '@types/react': [ '18.3.28' ],
989 silly audit   '@types/react-dom': [ '18.3.7' ],
989 silly audit   autoprefixer: [ '10.4.27' ],
989 silly audit   postcss: [ '8.5.8', '8.4.31' ],
989 silly audit   axios: [ '1.13.6' ],
989 silly audit   'lucide-react': [ '0.294.0' ],
989 silly audit   react: [ '18.3.1' ],
989 silly audit   next: [ '14.2.0' ],
989 silly audit   'react-dom': [ '18.3.1' ],
989 silly audit   no: [ '0.0.1' ],
989 silly audit   recharts: [ '2.15.4' ],
989 silly audit   tailwindcss: [ '3.4.19' ],
989 silly audit   typescript: [ '5.9.3' ],
989 silly audit   'undici-types': [ '6.21.0' ],
989 silly audit   '@types/prop-types': [ '15.7.15' ],
989 silly audit   csstype: [ '3.2.3' ],
989 silly audit   browserslist: [ '4.28.1' ],
989 silly audit   'caniuse-lite': [ '1.0.30001778' ],
989 silly audit   'fraction.js': [ '5.3.4' ],
989 silly audit   picocolors: [ '1.1.1' ],
989 silly audit   'postcss-value-parser': [ '4.2.0' ],
989 silly audit   'follow-redirects': [ '1.15.11' ],
989 silly audit   'form-data': [ '4.0.5' ],
989 silly audit   'proxy-from-env': [ '1.1.0' ],
989 silly audit   'baseline-browser-mapping': [ '2.10.7' ],
989 silly audit   'electron-to-chromium': [ '1.5.313' ],
989 silly audit   'node-releases': [ '2.0.36' ],
989 silly audit   'update-browserslist-db': [ '1.2.3' ],
989 silly audit   asynckit: [ '0.4.0' ],
989 silly audit   'combined-stream': [ '1.0.8' ],
989 silly audit   'es-set-tostringtag': [ '2.1.0' ],
989 silly audit   hasown: [ '2.0.2' ],
989 silly audit   'mime-types': [ '2.1.35' ],
989 silly audit   'delayed-stream': [ '1.0.0' ],
989 silly audit   'es-errors': [ '1.3.0' ],
989 silly audit   'get-intrinsic': [ '1.3.0' ],
989 silly audit   'has-tostringtag': [ '1.0.2' ],
989 silly audit   'call-bind-apply-helpers': [ '1.0.2' ],
989 silly audit   'es-define-property': [ '1.0.1' ],
989 silly audit   'es-object-atoms': [ '1.1.1' ],
989 silly audit   'function-bind': [ '1.1.2' ],
989 silly audit   'get-proto': [ '1.0.1' ],
989 silly audit   gopd: [ '1.2.0' ],
989 silly audit   'has-symbols': [ '1.1.0' ],
989 silly audit   'math-intrinsics': [ '1.1.0' ],
989 silly audit   'dunder-proto': [ '1.0.1' ],
989 silly audit   'mime-db': [ '1.52.0' ],
989 silly audit   '@next/env': [ '14.2.0' ],
989 silly audit   '@next/swc-darwin-arm64': [ '14.2.0' ],
989 silly audit   '@next/swc-darwin-x64': [ '14.2.0' ],
989 silly audit   '@next/swc-linux-arm64-gnu': [ '14.2.0' ],
989 silly audit   '@next/swc-linux-arm64-musl': [ '14.2.0' ],
989 silly audit   '@next/swc-linux-x64-gnu': [ '14.2.0' ],
989 silly audit   '@next/swc-linux-x64-musl': [ '14.2.0' ],
989 silly audit   '@next/swc-win32-arm64-msvc': [ '14.2.0' ],
989 silly audit   '@next/swc-win32-ia32-msvc': [ '14.2.0' ],
989 silly audit   '@next/swc-win32-x64-msvc': [ '14.2.0' ],
989 silly audit   '@swc/helpers': [ '0.5.5' ],
989 silly audit   busboy: [ '1.6.0' ],
989 silly audit   'graceful-fs': [ '4.2.11' ],
989 silly audit   'styled-jsx': [ '5.1.1' ],
989 silly audit   '@swc/counter': [ '0.1.3' ],
989 silly audit   tslib: [ '2.8.1' ],
989 silly audit   streamsearch: [ '1.1.0' ],
989 silly audit   'coffee-script': [ '1.12.7' ],
989 silly audit   nanoid: [ '3.3.11' ],
989 silly audit   'source-map-js': [ '1.2.1' ],
989 silly audit   'loose-envify': [ '1.4.0' ],
989 silly audit   'js-tokens': [ '4.0.0' ],
989 silly audit   scheduler: [ '0.23.2' ],
989 silly audit   clsx: [ '2.1.1' ],
989 silly audit   eventemitter3: [ '4.0.7' ],
989 silly audit   lodash: [ '4.17.23' ],
989 silly audit   'react-is': [ '18.3.1', '16.13.1' ],
989 silly audit   'react-smooth': [ '4.0.4' ],
989 silly audit   'recharts-scale': [ '0.4.5' ],
989 silly audit   'tiny-invariant': [ '1.3.3' ],
989 silly audit   'victory-vendor': [ '36.9.2' ],
989 silly audit   'fast-equals': [ '5.4.0' ],
989 silly audit   'prop-types': [ '15.8.1' ],
989 silly audit   'react-transition-group': [ '4.4.5' ],
989 silly audit   'object-assign': [ '4.1.1' ],
989 silly audit   '@babel/runtime': [ '7.28.6' ],
989 silly audit   'dom-helpers': [ '5.2.1' ],
989 silly audit   'decimal.js-light': [ '2.5.1' ],
989 silly audit   'client-only': [ '0.0.1' ],
989 silly audit   '@alloc/quick-lru': [ '5.2.0' ],
989 silly audit   arg: [ '5.0.2' ],
989 silly audit   chokidar: [ '3.6.0' ],
989 silly audit   didyoumean: [ '1.2.2' ],
989 silly audit   dlv: [ '1.1.3' ],
989 silly audit   'fast-glob': [ '3.3.3' ],
989 silly audit   'glob-parent': [ '6.0.2', '5.1.2' ],
989 silly audit   'is-glob': [ '4.0.3' ],
989 silly audit   jiti: [ '1.21.7' ],
989 silly audit   lilconfig: [ '3.1.3' ],
989 silly audit   micromatch: [ '4.0.8' ],
989 silly audit   'normalize-path': [ '3.0.0' ],
989 silly audit   'object-hash': [ '3.0.0' ],
989 silly audit   'postcss-import': [ '15.1.0' ],
989 silly audit   'postcss-js': [ '4.1.0' ],
989 silly audit   'postcss-load-config': [ '6.0.1' ],
989 silly audit   'postcss-nested': [ '6.2.0' ],
989 silly audit   'postcss-selector-parser': [ '6.1.2' ],
989 silly audit   resolve: [ '1.22.11' ],
989 silly audit   sucrase: [ '3.35.1' ],
989 silly audit   anymatch: [ '3.1.3' ],
989 silly audit   braces: [ '3.0.3' ],
989 silly audit   fsevents: [ '2.3.3' ],
989 silly audit   'is-binary-path': [ '2.1.0' ],
989 silly audit   readdirp: [ '3.6.0' ],
989 silly audit   picomatch: [ '2.3.1', '4.0.3' ],
989 silly audit   'fill-range': [ '7.1.1' ],
989 silly audit   '@nodelib/fs.stat': [ '2.0.5' ],
989 silly audit   '@nodelib/fs.walk': [ '1.2.8' ],
989 silly audit   merge2: [ '1.4.1' ],
989 silly audit   '@nodelib/fs.scandir': [ '2.1.5' ],
989 silly audit   fastq: [ '1.20.1' ],
989 silly audit   'run-parallel': [ '1.2.0' ],
989 silly audit   reusify: [ '1.1.0' ],
989 silly audit   'to-regex-range': [ '5.0.1' ],
989 silly audit   'binary-extensions': [ '2.3.0' ],
989 silly audit   'is-extglob': [ '2.1.1' ],
989 silly audit   'read-cache': [ '1.0.0' ],
989 silly audit   'camelcase-css': [ '2.0.1' ],
989 silly audit   cssesc: [ '3.0.0' ],
989 silly audit   'util-deprecate': [ '1.0.2' ],
989 silly audit   pify: [ '2.3.0' ],
989 silly audit   'is-core-module': [ '2.16.1' ],
989 silly audit   'path-parse': [ '1.0.7' ],
989 silly audit   'supports-preserve-symlinks-flag': [ '1.0.0' ],
989 silly audit   'queue-microtask': [ '1.2.3' ],
989 silly audit   '@jridgewell/gen-mapping': [ '0.3.13' ],
989 silly audit   commander: [ '4.1.1' ],
989 silly audit   'lines-and-columns': [ '1.2.4' ],
989 silly audit   mz: [ '2.7.0' ],
989 silly audit   pirates: [ '4.0.7' ],
989 silly audit   tinyglobby: [ '0.2.15' ],
989 silly audit   'ts-interface-checker': [ '0.1.13' ],
989 silly audit   '@jridgewell/sourcemap-codec': [ '1.5.5' ],
989 silly audit   '@jridgewell/trace-mapping': [ '0.3.31' ],
989 silly audit   '@jridgewell/resolve-uri': [ '3.1.2' ],
989 silly audit   'any-promise': [ '1.3.0' ],
989 silly audit   'thenify-all': [ '1.6.0' ],
989 silly audit   thenify: [ '3.3.1' ],
989 silly audit   fdir: [ '6.5.0' ],
989 silly audit   'is-number': [ '7.0.0' ],
989 silly audit   escalade: [ '3.2.0' ],
989 silly audit   '@types/d3-array': [ '3.2.2' ],
989 silly audit   '@types/d3-ease': [ '3.0.2' ],
989 silly audit   '@types/d3-interpolate': [ '3.0.4' ],
989 silly audit   '@types/d3-scale': [ '4.0.9' ],
989 silly audit   '@types/d3-shape': [ '3.1.8' ],
989 silly audit   '@types/d3-time': [ '3.0.4' ],
989 silly audit   '@types/d3-timer': [ '3.0.2' ],
989 silly audit   'd3-array': [ '3.2.4' ],
989 silly audit   'd3-ease': [ '3.0.1' ],
989 silly audit   'd3-interpolate': [ '3.0.1' ],
989 silly audit   'd3-scale': [ '4.0.2' ],
989 silly audit   'd3-shape': [ '3.2.0' ],
989 silly audit   'd3-time': [ '3.1.0' ],
989 silly audit   'd3-timer': [ '3.0.1' ],
989 silly audit   '@types/d3-color': [ '3.1.3' ],
989 silly audit   '@types/d3-path': [ '3.1.1' ],
989 silly audit   internmap: [ '2.0.3' ],
989 silly audit   'd3-color': [ '3.1.0' ],
989 silly audit   'd3-format': [ '3.1.2' ],
989 silly audit   'd3-time-format': [ '4.1.0' ],
989 silly audit   'd3-path': [ '3.1.0' ]
989 silly audit }
990 http cache d3-path@https://registry.npmjs.org/d3-path/-/d3-path-3.1.0.tgz 0ms (cache hit)
991 http cache d3-time-format@https://registry.npmjs.org/d3-time-format/-/d3-time-format-4.1.0.tgz 0ms (cache hit)
992 http cache d3-color@https://registry.npmjs.org/d3-color/-/d3-color-3.1.0.tgz 0ms (cache hit)
993 http cache internmap@https://registry.npmjs.org/internmap/-/internmap-2.0.3.tgz 0ms (cache hit)
994 http cache d3-format@https://registry.npmjs.org/d3-format/-/d3-format-3.1.2.tgz 0ms (cache hit)
995 http cache @types/d3-path@https://registry.npmjs.org/@types/d3-path/-/d3-path-3.1.1.tgz 0ms (cache hit)
996 http cache @types/d3-color@https://registry.npmjs.org/@types/d3-color/-/d3-color-3.1.3.tgz 0ms (cache hit)
997 http cache d3-timer@https://registry.npmjs.org/d3-timer/-/d3-timer-3.0.1.tgz 0ms (cache hit)
998 http cache d3-time@https://registry.npmjs.org/d3-time/-/d3-time-3.1.0.tgz 0ms (cache hit)
999 http cache d3-shape@https://registry.npmjs.org/d3-shape/-/d3-shape-3.2.0.tgz 0ms (cache hit)
1000 http cache d3-scale@https://registry.npmjs.org/d3-scale/-/d3-scale-4.0.2.tgz 0ms (cache hit)
1001 http cache d3-interpolate@https://registry.npmjs.org/d3-interpolate/-/d3-interpolate-3.0.1.tgz 0ms (cache hit)
1002 http cache d3-ease@https://registry.npmjs.org/d3-ease/-/d3-ease-3.0.1.tgz 0ms (cache hit)
1003 http cache d3-array@https://registry.npmjs.org/d3-array/-/d3-array-3.2.4.tgz 0ms (cache hit)
1004 http cache @types/d3-timer@https://registry.npmjs.org/@types/d3-timer/-/d3-timer-3.0.2.tgz 0ms (cache hit)
1005 http cache @types/d3-time@https://registry.npmjs.org/@types/d3-time/-/d3-time-3.0.4.tgz 0ms (cache hit)
1006 http cache @types/d3-shape@https://registry.npmjs.org/@types/d3-shape/-/d3-shape-3.1.8.tgz 0ms (cache hit)
1007 http cache @types/d3-scale@https://registry.npmjs.org/@types/d3-scale/-/d3-scale-4.0.9.tgz 0ms (cache hit)
1008 http cache @types/d3-ease@https://registry.npmjs.org/@types/d3-ease/-/d3-ease-3.0.2.tgz 0ms (cache hit)
1009 http cache @types/d3-array@https://registry.npmjs.org/@types/d3-array/-/d3-array-3.2.2.tgz 0ms (cache hit)
1010 http cache escalade@https://registry.npmjs.org/escalade/-/escalade-3.2.0.tgz 0ms (cache hit)
1011 http cache @types/d3-interpolate@https://registry.npmjs.org/@types/d3-interpolate/-/d3-interpolate-3.0.4.tgz 0ms (cache hit)
1012 http cache thenify@https://registry.npmjs.org/thenify/-/thenify-3.3.1.tgz 0ms (cache hit)
1013 http cache thenify-all@https://registry.npmjs.org/thenify-all/-/thenify-all-1.6.0.tgz 0ms (cache hit)
1014 http cache any-promise@https://registry.npmjs.org/any-promise/-/any-promise-1.3.0.tgz 0ms (cache hit)
1015 http cache @jridgewell/resolve-uri@https://registry.npmjs.org/@jridgewell/resolve-uri/-/resolve-uri-3.1.2.tgz 0ms (cache hit)
1016 http cache @jridgewell/trace-mapping@https://registry.npmjs.org/@jridgewell/trace-mapping/-/trace-mapping-0.3.31.tgz 0ms (cache hit)
1017 http cache @jridgewell/sourcemap-codec@https://registry.npmjs.org/@jridgewell/sourcemap-codec/-/sourcemap-codec-1.5.5.tgz 0ms (cache hit)
1018 http cache is-number@https://registry.npmjs.org/is-number/-/is-number-7.0.0.tgz 0ms (cache hit)
1019 http cache ts-interface-checker@https://registry.npmjs.org/ts-interface-checker/-/ts-interface-checker-0.1.13.tgz 0ms (cache hit)
1020 http cache tinyglobby@https://registry.npmjs.org/tinyglobby/-/tinyglobby-0.2.15.tgz 0ms (cache hit)
1021 http cache pirates@https://registry.npmjs.org/pirates/-/pirates-4.0.7.tgz 0ms (cache hit)
1022 http cache mz@https://registry.npmjs.org/mz/-/mz-2.7.0.tgz 0ms (cache hit)
1023 http cache lines-and-columns@https://registry.npmjs.org/lines-and-columns/-/lines-and-columns-1.2.4.tgz 0ms (cache hit)
1024 http cache commander@https://registry.npmjs.org/commander/-/commander-4.1.1.tgz 0ms (cache hit)
1025 http cache @jridgewell/gen-mapping@https://registry.npmjs.org/@jridgewell/gen-mapping/-/gen-mapping-0.3.13.tgz 0ms (cache hit)
1026 http cache queue-microtask@https://registry.npmjs.org/queue-microtask/-/queue-microtask-1.2.3.tgz 0ms (cache hit)
1027 http cache supports-preserve-symlinks-flag@https://registry.npmjs.org/supports-preserve-symlinks-flag/-/supports-preserve-symlinks-flag-1.0.0.tgz 0ms (cache hit)
1028 http cache path-parse@https://registry.npmjs.org/path-parse/-/path-parse-1.0.7.tgz 0ms (cache hit)
1029 http cache is-core-module@https://registry.npmjs.org/is-core-module/-/is-core-module-2.16.1.tgz 0ms (cache hit)
1030 http cache pify@https://registry.npmjs.org/pify/-/pify-2.3.0.tgz 0ms (cache hit)
1031 http cache util-deprecate@https://registry.npmjs.org/util-deprecate/-/util-deprecate-1.0.2.tgz 0ms (cache hit)
1032 http cache cssesc@https://registry.npmjs.org/cssesc/-/cssesc-3.0.0.tgz 0ms (cache hit)
1033 http cache camelcase-css@https://registry.npmjs.org/camelcase-css/-/camelcase-css-2.0.1.tgz 0ms (cache hit)
1034 http cache read-cache@https://registry.npmjs.org/read-cache/-/read-cache-1.0.0.tgz 0ms (cache hit)
1035 http cache is-extglob@https://registry.npmjs.org/is-extglob/-/is-extglob-2.1.1.tgz 0ms (cache hit)
1036 http cache binary-extensions@https://registry.npmjs.org/binary-extensions/-/binary-extensions-2.3.0.tgz 0ms (cache hit)
1037 http cache reusify@https://registry.npmjs.org/reusify/-/reusify-1.1.0.tgz 0ms (cache hit)
1038 http cache to-regex-range@https://registry.npmjs.org/to-regex-range/-/to-regex-range-5.0.1.tgz 0ms (cache hit)
1039 http cache run-parallel@https://registry.npmjs.org/run-parallel/-/run-parallel-1.2.0.tgz 0ms (cache hit)
1040 http cache fastq@https://registry.npmjs.org/fastq/-/fastq-1.20.1.tgz 0ms (cache hit)
1041 http cache @nodelib/fs.scandir@https://registry.npmjs.org/@nodelib/fs.scandir/-/fs.scandir-2.1.5.tgz 0ms (cache hit)
1042 http cache merge2@https://registry.npmjs.org/merge2/-/merge2-1.4.1.tgz 0ms (cache hit)
1043 http cache @nodelib/fs.stat@https://registry.npmjs.org/@nodelib/fs.stat/-/fs.stat-2.0.5.tgz 0ms (cache hit)
1044 http cache fill-range@https://registry.npmjs.org/fill-range/-/fill-range-7.1.1.tgz 0ms (cache hit)
1045 http cache @nodelib/fs.walk@https://registry.npmjs.org/@nodelib/fs.walk/-/fs.walk-1.2.8.tgz 0ms (cache hit)
1046 http cache readdirp@https://registry.npmjs.org/readdirp/-/readdirp-3.6.0.tgz 0ms (cache hit)
1047 http cache is-binary-path@https://registry.npmjs.org/is-binary-path/-/is-binary-path-2.1.0.tgz 0ms (cache hit)
1048 http cache fsevents@https://registry.npmjs.org/fsevents/-/fsevents-2.3.3.tgz 0ms (cache hit)
1049 http cache picomatch@https://registry.npmjs.org/picomatch/-/picomatch-2.3.1.tgz 0ms (cache hit)
1050 http cache braces@https://registry.npmjs.org/braces/-/braces-3.0.3.tgz 0ms (cache hit)
1051 http cache anymatch@https://registry.npmjs.org/anymatch/-/anymatch-3.1.3.tgz 0ms (cache hit)
1052 http cache sucrase@https://registry.npmjs.org/sucrase/-/sucrase-3.35.1.tgz 0ms (cache hit)
1053 http cache resolve@https://registry.npmjs.org/resolve/-/resolve-1.22.11.tgz 0ms (cache hit)
1054 http cache postcss-selector-parser@https://registry.npmjs.org/postcss-selector-parser/-/postcss-selector-parser-6.1.2.tgz 0ms (cache hit)
1055 http cache postcss-nested@https://registry.npmjs.org/postcss-nested/-/postcss-nested-6.2.0.tgz 0ms (cache hit)
1056 http cache postcss-load-config@https://registry.npmjs.org/postcss-load-config/-/postcss-load-config-6.0.1.tgz 0ms (cache hit)
1057 http cache postcss-js@https://registry.npmjs.org/postcss-js/-/postcss-js-4.1.0.tgz 0ms (cache hit)
1058 http cache postcss-import@https://registry.npmjs.org/postcss-import/-/postcss-import-15.1.0.tgz 0ms (cache hit)
1059 http cache object-hash@https://registry.npmjs.org/object-hash/-/object-hash-3.0.0.tgz 0ms (cache hit)
1060 http cache normalize-path@https://registry.npmjs.org/normalize-path/-/normalize-path-3.0.0.tgz 0ms (cache hit)
1061 http cache micromatch@https://registry.npmjs.org/micromatch/-/micromatch-4.0.8.tgz 0ms (cache hit)
1062 http cache lilconfig@https://registry.npmjs.org/lilconfig/-/lilconfig-3.1.3.tgz 0ms (cache hit)
1063 http cache jiti@https://registry.npmjs.org/jiti/-/jiti-1.21.7.tgz 0ms (cache hit)
1064 http cache is-glob@https://registry.npmjs.org/is-glob/-/is-glob-4.0.3.tgz 0ms (cache hit)
1065 http cache fast-glob@https://registry.npmjs.org/fast-glob/-/fast-glob-3.3.3.tgz 0ms (cache hit)
1066 http cache didyoumean@https://registry.npmjs.org/didyoumean/-/didyoumean-1.2.2.tgz 0ms (cache hit)
1067 http cache chokidar@https://registry.npmjs.org/chokidar/-/chokidar-3.6.0.tgz 0ms (cache hit)
1068 http cache arg@https://registry.npmjs.org/arg/-/arg-5.0.2.tgz 0ms (cache hit)
1069 http cache @alloc/quick-lru@https://registry.npmjs.org/@alloc/quick-lru/-/quick-lru-5.2.0.tgz 0ms (cache hit)
1070 http cache glob-parent@https://registry.npmjs.org/glob-parent/-/glob-parent-6.0.2.tgz 0ms (cache hit)
1071 http cache client-only@https://registry.npmjs.org/client-only/-/client-only-0.0.1.tgz 0ms (cache hit)
1072 http cache decimal.js-light@https://registry.npmjs.org/decimal.js-light/-/decimal.js-light-2.5.1.tgz 0ms (cache hit)
1073 http cache @babel/runtime@https://registry.npmjs.org/@babel/runtime/-/runtime-7.28.6.tgz 0ms (cache hit)
1074 http cache dom-helpers@https://registry.npmjs.org/dom-helpers/-/dom-helpers-5.2.1.tgz 0ms (cache hit)
1075 http cache object-assign@https://registry.npmjs.org/object-assign/-/object-assign-4.1.1.tgz 0ms (cache hit)
1076 http cache prop-types@https://registry.npmjs.org/prop-types/-/prop-types-15.8.1.tgz 0ms (cache hit)
1077 http cache react-transition-group@https://registry.npmjs.org/react-transition-group/-/react-transition-group-4.4.5.tgz 0ms (cache hit)
1078 http cache fast-equals@https://registry.npmjs.org/fast-equals/-/fast-equals-5.4.0.tgz 0ms (cache hit)
1079 http cache victory-vendor@https://registry.npmjs.org/victory-vendor/-/victory-vendor-36.9.2.tgz 0ms (cache hit)
1080 http cache tiny-invariant@https://registry.npmjs.org/tiny-invariant/-/tiny-invariant-1.3.3.tgz 0ms (cache hit)
1081 http cache recharts-scale@https://registry.npmjs.org/recharts-scale/-/recharts-scale-0.4.5.tgz 0ms (cache hit)
1082 http cache react-is@https://registry.npmjs.org/react-is/-/react-is-18.3.1.tgz 0ms (cache hit)
1083 http cache react-smooth@https://registry.npmjs.org/react-smooth/-/react-smooth-4.0.4.tgz 0ms (cache hit)
1084 http cache lodash@https://registry.npmjs.org/lodash/-/lodash-4.17.23.tgz 0ms (cache hit)
1085 http cache dlv@https://registry.npmjs.org/dlv/-/dlv-1.1.3.tgz 0ms (cache hit)
1086 http cache eventemitter3@https://registry.npmjs.org/eventemitter3/-/eventemitter3-4.0.7.tgz 0ms (cache hit)
1087 http cache clsx@https://registry.npmjs.org/clsx/-/clsx-2.1.1.tgz 0ms (cache hit)
1088 http cache scheduler@https://registry.npmjs.org/scheduler/-/scheduler-0.23.2.tgz 0ms (cache hit)
1089 http cache source-map-js@https://registry.npmjs.org/source-map-js/-/source-map-js-1.2.1.tgz 0ms (cache hit)
1090 http cache loose-envify@https://registry.npmjs.org/loose-envify/-/loose-envify-1.4.0.tgz 0ms (cache hit)
1091 http cache coffee-script@https://registry.npmjs.org/coffee-script/-/coffee-script-1.12.7.tgz 0ms (cache hit)
1092 http cache js-tokens@https://registry.npmjs.org/js-tokens/-/js-tokens-4.0.0.tgz 0ms (cache hit)
1093 http cache tslib@https://registry.npmjs.org/tslib/-/tslib-2.8.1.tgz 0ms (cache hit)
1094 http cache streamsearch@https://registry.npmjs.org/streamsearch/-/streamsearch-1.1.0.tgz 0ms (cache hit)
1095 http cache @swc/counter@https://registry.npmjs.org/@swc/counter/-/counter-0.1.3.tgz 0ms (cache hit)
1096 http cache nanoid@https://registry.npmjs.org/nanoid/-/nanoid-3.3.11.tgz 0ms (cache hit)
1097 http cache busboy@https://registry.npmjs.org/busboy/-/busboy-1.6.0.tgz 0ms (cache hit)
1098 http cache @swc/helpers@https://registry.npmjs.org/@swc/helpers/-/helpers-0.5.5.tgz 0ms (cache hit)
1099 http cache styled-jsx@https://registry.npmjs.org/styled-jsx/-/styled-jsx-5.1.1.tgz 0ms (cache hit)
1100 http cache @next/env@https://registry.npmjs.org/@next/env/-/env-14.2.0.tgz 0ms (cache hit)
1101 http cache graceful-fs@https://registry.npmjs.org/graceful-fs/-/graceful-fs-4.2.11.tgz 0ms (cache hit)
1102 http cache dunder-proto@https://registry.npmjs.org/dunder-proto/-/dunder-proto-1.0.1.tgz 0ms (cache hit)
1103 http cache has-symbols@https://registry.npmjs.org/has-symbols/-/has-symbols-1.1.0.tgz 0ms (cache hit)
1104 http cache mime-db@https://registry.npmjs.org/mime-db/-/mime-db-1.52.0.tgz 0ms (cache hit)
1105 http cache gopd@https://registry.npmjs.org/gopd/-/gopd-1.2.0.tgz 0ms (cache hit)
1106 http cache get-proto@https://registry.npmjs.org/get-proto/-/get-proto-1.0.1.tgz 0ms (cache hit)
1107 http cache @next/swc-darwin-arm64@https://registry.npmjs.org/@next/swc-darwin-arm64/-/swc-darwin-arm64-14.2.0.tgz 0ms (cache hit)
1108 http cache function-bind@https://registry.npmjs.org/function-bind/-/function-bind-1.1.2.tgz 0ms (cache hit)
1109 http cache es-object-atoms@https://registry.npmjs.org/es-object-atoms/-/es-object-atoms-1.1.1.tgz 0ms (cache hit)
1110 http cache es-define-property@https://registry.npmjs.org/es-define-property/-/es-define-property-1.0.1.tgz 0ms (cache hit)
1111 http cache call-bind-apply-helpers@https://registry.npmjs.org/call-bind-apply-helpers/-/call-bind-apply-helpers-1.0.2.tgz 0ms (cache hit)
1112 http cache has-tostringtag@https://registry.npmjs.org/has-tostringtag/-/has-tostringtag-1.0.2.tgz 0ms (cache hit)
1113 http cache get-intrinsic@https://registry.npmjs.org/get-intrinsic/-/get-intrinsic-1.3.0.tgz 0ms (cache hit)
1114 http cache es-errors@https://registry.npmjs.org/es-errors/-/es-errors-1.3.0.tgz 0ms (cache hit)
1115 http cache delayed-stream@https://registry.npmjs.org/delayed-stream/-/delayed-stream-1.0.0.tgz 0ms (cache hit)
1116 http cache mime-types@https://registry.npmjs.org/mime-types/-/mime-types-2.1.35.tgz 0ms (cache hit)
1117 http cache hasown@https://registry.npmjs.org/hasown/-/hasown-2.0.2.tgz 0ms (cache hit)
1118 http cache math-intrinsics@https://registry.npmjs.org/math-intrinsics/-/math-intrinsics-1.1.0.tgz 0ms (cache hit)
1119 http cache asynckit@https://registry.npmjs.org/asynckit/-/asynckit-0.4.0.tgz 0ms (cache hit)
1120 http cache combined-stream@https://registry.npmjs.org/combined-stream/-/combined-stream-1.0.8.tgz 0ms (cache hit)
1121 http cache node-releases@https://registry.npmjs.org/node-releases/-/node-releases-2.0.36.tgz 0ms (cache hit)
1122 http cache electron-to-chromium@https://registry.npmjs.org/electron-to-chromium/-/electron-to-chromium-1.5.313.tgz 0ms (cache hit)
1123 http cache baseline-browser-mapping@https://registry.npmjs.org/baseline-browser-mapping/-/baseline-browser-mapping-2.10.7.tgz 0ms (cache hit)
1124 http cache proxy-from-env@https://registry.npmjs.org/proxy-from-env/-/proxy-from-env-1.1.0.tgz 0ms (cache hit)
1125 http cache es-set-tostringtag@https://registry.npmjs.org/es-set-tostringtag/-/es-set-tostringtag-2.1.0.tgz 0ms (cache hit)
1126 http cache form-data@https://registry.npmjs.org/form-data/-/form-data-4.0.5.tgz 0ms (cache hit)
1127 http cache update-browserslist-db@https://registry.npmjs.org/update-browserslist-db/-/update-browserslist-db-1.2.3.tgz 0ms (cache hit)
1128 http cache follow-redirects@https://registry.npmjs.org/follow-redirects/-/follow-redirects-1.15.11.tgz 0ms (cache hit)
1129 http cache postcss-value-parser@https://registry.npmjs.org/postcss-value-parser/-/postcss-value-parser-4.2.0.tgz 0ms (cache hit)
1130 http cache caniuse-lite@https://registry.npmjs.org/caniuse-lite/-/caniuse-lite-1.0.30001778.tgz 0ms (cache hit)
1131 http cache picocolors@https://registry.npmjs.org/picocolors/-/picocolors-1.1.1.tgz 0ms (cache hit)
1132 http cache browserslist@https://registry.npmjs.org/browserslist/-/browserslist-4.28.1.tgz 0ms (cache hit)
1133 http cache fraction.js@https://registry.npmjs.org/fraction.js/-/fraction.js-5.3.4.tgz 0ms (cache hit)
1134 http cache csstype@https://registry.npmjs.org/csstype/-/csstype-3.2.3.tgz 0ms (cache hit)
1135 http cache @types/prop-types@https://registry.npmjs.org/@types/prop-types/-/prop-types-15.7.15.tgz 0ms (cache hit)
1136 http cache undici-types@https://registry.npmjs.org/undici-types/-/undici-types-6.21.0.tgz 0ms (cache hit)
1137 http cache tailwindcss@https://registry.npmjs.org/tailwindcss/-/tailwindcss-3.4.19.tgz 0ms (cache hit)
1138 http cache no@https://registry.npmjs.org/no/-/no-0.0.1.tgz 0ms (cache hit)
1139 http cache recharts@https://registry.npmjs.org/recharts/-/recharts-2.15.4.tgz 0ms (cache hit)
1140 http cache react-dom@https://registry.npmjs.org/react-dom/-/react-dom-18.3.1.tgz 0ms (cache hit)
1141 http cache typescript@https://registry.npmjs.org/typescript/-/typescript-5.9.3.tgz 0ms (cache hit)
1142 http cache react@https://registry.npmjs.org/react/-/react-18.3.1.tgz 0ms (cache hit)
1143 http cache lucide-react@https://registry.npmjs.org/lucide-react/-/lucide-react-0.294.0.tgz 0ms (cache hit)
1144 http cache axios@https://registry.npmjs.org/axios/-/axios-1.13.6.tgz 0ms (cache hit)
1145 http cache postcss@https://registry.npmjs.org/postcss/-/postcss-8.5.8.tgz 0ms (cache hit)
1146 http cache autoprefixer@https://registry.npmjs.org/autoprefixer/-/autoprefixer-10.4.27.tgz 0ms (cache hit)
1147 http cache @types/react-dom@https://registry.npmjs.org/@types/react-dom/-/react-dom-18.3.7.tgz 0ms (cache hit)
1148 http cache @types/react@https://registry.npmjs.org/@types/react/-/react-18.3.28.tgz 0ms (cache hit)
1149 http cache next@https://registry.npmjs.org/next/-/next-14.2.0.tgz 0ms (cache hit)
1150 http cache @types/node@https://registry.npmjs.org/@types/node/-/node-20.19.37.tgz 0ms (cache hit)
1151 http cache fdir@https://registry.npmjs.org/fdir/-/fdir-6.5.0.tgz 0ms (cache hit)
1152 http cache glob-parent@https://registry.npmjs.org/glob-parent/-/glob-parent-5.1.2.tgz 0ms (cache hit)
1153 http cache react-is@https://registry.npmjs.org/react-is/-/react-is-16.13.1.tgz 0ms (cache hit)
1154 http cache glob-parent@https://registry.npmjs.org/glob-parent/-/glob-parent-5.1.2.tgz 0ms (cache hit)
1155 http cache postcss@https://registry.npmjs.org/postcss/-/postcss-8.4.31.tgz 0ms (cache hit)
1156 http cache picomatch@https://registry.npmjs.org/picomatch/-/picomatch-4.0.3.tgz 0ms (cache hit)
1157 silly tarball no local data for d3-path@https://registry.npmjs.org/d3-path/-/d3-path-3.1.0.tgz. Extracting by manifest.
1158 silly tarball no local data for d3-time-format@https://registry.npmjs.org/d3-time-format/-/d3-time-format-4.1.0.tgz. Extracting by manifest.
1159 silly tarball no local data for d3-color@https://registry.npmjs.org/d3-color/-/d3-color-3.1.0.tgz. Extracting by manifest.
1160 silly tarball no local data for internmap@https://registry.npmjs.org/internmap/-/internmap-2.0.3.tgz. Extracting by manifest.
1161 silly tarball no local data for d3-format@https://registry.npmjs.org/d3-format/-/d3-format-3.1.2.tgz. Extracting by manifest.
1162 silly tarball no local data for @types/d3-path@https://registry.npmjs.org/@types/d3-path/-/d3-path-3.1.1.tgz. Extracting by manifest.
1163 silly tarball no local data for @types/d3-color@https://registry.npmjs.org/@types/d3-color/-/d3-color-3.1.3.tgz. Extracting by manifest.
1164 silly tarball no local data for d3-timer@https://registry.npmjs.org/d3-timer/-/d3-timer-3.0.1.tgz. Extracting by manifest.
1165 silly tarball no local data for d3-time@https://registry.npmjs.org/d3-time/-/d3-time-3.1.0.tgz. Extracting by manifest.
1166 silly tarball no local data for d3-shape@https://registry.npmjs.org/d3-shape/-/d3-shape-3.2.0.tgz. Extracting by manifest.
1167 silly tarball no local data for d3-scale@https://registry.npmjs.org/d3-scale/-/d3-scale-4.0.2.tgz. Extracting by manifest.
1168 silly tarball no local data for d3-interpolate@https://registry.npmjs.org/d3-interpolate/-/d3-interpolate-3.0.1.tgz. Extracting by manifest.
1169 silly tarball no local data for d3-ease@https://registry.npmjs.org/d3-ease/-/d3-ease-3.0.1.tgz. Extracting by manifest.
1170 silly tarball no local data for d3-array@https://registry.npmjs.org/d3-array/-/d3-array-3.2.4.tgz. Extracting by manifest.
1171 silly tarball no local data for @types/d3-timer@https://registry.npmjs.org/@types/d3-timer/-/d3-timer-3.0.2.tgz. Extracting by manifest.
1172 silly tarball no local data for @types/d3-time@https://registry.npmjs.org/@types/d3-time/-/d3-time-3.0.4.tgz. Extracting by manifest.
1173 silly tarball no local data for @types/d3-shape@https://registry.npmjs.org/@types/d3-shape/-/d3-shape-3.1.8.tgz. Extracting by manifest.
1174 silly tarball no local data for @types/d3-scale@https://registry.npmjs.org/@types/d3-scale/-/d3-scale-4.0.9.tgz. Extracting by manifest.
1175 silly tarball no local data for @types/d3-ease@https://registry.npmjs.org/@types/d3-ease/-/d3-ease-3.0.2.tgz. Extracting by manifest.
1176 silly tarball no local data for @types/d3-array@https://registry.npmjs.org/@types/d3-array/-/d3-array-3.2.2.tgz. Extracting by manifest.
1177 silly tarball no local data for escalade@https://registry.npmjs.org/escalade/-/escalade-3.2.0.tgz. Extracting by manifest.
1178 silly tarball no local data for @types/d3-interpolate@https://registry.npmjs.org/@types/d3-interpolate/-/d3-interpolate-3.0.4.tgz. Extracting by manifest.
1179 silly tarball no local data for thenify@https://registry.npmjs.org/thenify/-/thenify-3.3.1.tgz. Extracting by manifest.
1180 silly tarball no local data for thenify-all@https://registry.npmjs.org/thenify-all/-/thenify-all-1.6.0.tgz. Extracting by manifest.
1181 silly tarball no local data for any-promise@https://registry.npmjs.org/any-promise/-/any-promise-1.3.0.tgz. Extracting by manifest.
1182 silly tarball no local data for @jridgewell/resolve-uri@https://registry.npmjs.org/@jridgewell/resolve-uri/-/resolve-uri-3.1.2.tgz. Extracting by manifest.
1183 silly tarball no local data for @jridgewell/trace-mapping@https://registry.npmjs.org/@jridgewell/trace-mapping/-/trace-mapping-0.3.31.tgz. Extracting by manifest.
1184 silly tarball no local data for @jridgewell/sourcemap-codec@https://registry.npmjs.org/@jridgewell/sourcemap-codec/-/sourcemap-codec-1.5.5.tgz. Extracting by manifest.
1185 silly tarball no local data for is-number@https://registry.npmjs.org/is-number/-/is-number-7.0.0.tgz. Extracting by manifest.
1186 silly tarball no local data for ts-interface-checker@https://registry.npmjs.org/ts-interface-checker/-/ts-interface-checker-0.1.13.tgz. Extracting by manifest.
1187 silly tarball no local data for tinyglobby@https://registry.npmjs.org/tinyglobby/-/tinyglobby-0.2.15.tgz. Extracting by manifest.
1188 silly tarball no local data for pirates@https://registry.npmjs.org/pirates/-/pirates-4.0.7.tgz. Extracting by manifest.
1189 silly tarball no local data for mz@https://registry.npmjs.org/mz/-/mz-2.7.0.tgz. Extracting by manifest.
1190 silly tarball no local data for lines-and-columns@https://registry.npmjs.org/lines-and-columns/-/lines-and-columns-1.2.4.tgz. Extracting by manifest.
1191 silly tarball no local data for commander@https://registry.npmjs.org/commander/-/commander-4.1.1.tgz. Extracting by manifest.
1192 silly tarball no local data for @jridgewell/gen-mapping@https://registry.npmjs.org/@jridgewell/gen-mapping/-/gen-mapping-0.3.13.tgz. Extracting by manifest.
1193 silly tarball no local data for queue-microtask@https://registry.npmjs.org/queue-microtask/-/queue-microtask-1.2.3.tgz. Extracting by manifest.
1194 silly tarball no local data for supports-preserve-symlinks-flag@https://registry.npmjs.org/supports-preserve-symlinks-flag/-/supports-preserve-symlinks-flag-1.0.0.tgz. Extracting by manifest.
1195 silly tarball no local data for path-parse@https://registry.npmjs.org/path-parse/-/path-parse-1.0.7.tgz. Extracting by manifest.
1196 silly tarball no local data for is-core-module@https://registry.npmjs.org/is-core-module/-/is-core-module-2.16.1.tgz. Extracting by manifest.
1197 silly tarball no local data for pify@https://registry.npmjs.org/pify/-/pify-2.3.0.tgz. Extracting by manifest.
1198 silly tarball no local data for util-deprecate@https://registry.npmjs.org/util-deprecate/-/util-deprecate-1.0.2.tgz. Extracting by manifest.
1199 silly tarball no local data for cssesc@https://registry.npmjs.org/cssesc/-/cssesc-3.0.0.tgz. Extracting by manifest.
1200 silly tarball no local data for camelcase-css@https://registry.npmjs.org/camelcase-css/-/camelcase-css-2.0.1.tgz. Extracting by manifest.
1201 silly tarball no local data for read-cache@https://registry.npmjs.org/read-cache/-/read-cache-1.0.0.tgz. Extracting by manifest.
1202 silly tarball no local data for is-extglob@https://registry.npmjs.org/is-extglob/-/is-extglob-2.1.1.tgz. Extracting by manifest.
1203 silly tarball no local data for binary-extensions@https://registry.npmjs.org/binary-extensions/-/binary-extensions-2.3.0.tgz. Extracting by manifest.
1204 silly tarball no local data for reusify@https://registry.npmjs.org/reusify/-/reusify-1.1.0.tgz. Extracting by manifest.
1205 silly tarball no local data for to-regex-range@https://registry.npmjs.org/to-regex-range/-/to-regex-range-5.0.1.tgz. Extracting by manifest.
1206 silly tarball no local data for run-parallel@https://registry.npmjs.org/run-parallel/-/run-parallel-1.2.0.tgz. Extracting by manifest.
1207 silly tarball no local data for fastq@https://registry.npmjs.org/fastq/-/fastq-1.20.1.tgz. Extracting by manifest.
1208 silly tarball no local data for @nodelib/fs.scandir@https://registry.npmjs.org/@nodelib/fs.scandir/-/fs.scandir-2.1.5.tgz. Extracting by manifest.
1209 silly tarball no local data for merge2@https://registry.npmjs.org/merge2/-/merge2-1.4.1.tgz. Extracting by manifest.
1210 silly tarball no local data for @nodelib/fs.stat@https://registry.npmjs.org/@nodelib/fs.stat/-/fs.stat-2.0.5.tgz. Extracting by manifest.
1211 silly tarball no local data for fill-range@https://registry.npmjs.org/fill-range/-/fill-range-7.1.1.tgz. Extracting by manifest.
1212 silly tarball no local data for @nodelib/fs.walk@https://registry.npmjs.org/@nodelib/fs.walk/-/fs.walk-1.2.8.tgz. Extracting by manifest.
1213 silly tarball no local data for readdirp@https://registry.npmjs.org/readdirp/-/readdirp-3.6.0.tgz. Extracting by manifest.
1214 silly tarball no local data for is-binary-path@https://registry.npmjs.org/is-binary-path/-/is-binary-path-2.1.0.tgz. Extracting by manifest.
1215 silly tarball no local data for fsevents@https://registry.npmjs.org/fsevents/-/fsevents-2.3.3.tgz. Extracting by manifest.
1216 silly tarball no local data for picomatch@https://registry.npmjs.org/picomatch/-/picomatch-2.3.1.tgz. Extracting by manifest.
1217 silly tarball no local data for braces@https://registry.npmjs.org/braces/-/braces-3.0.3.tgz. Extracting by manifest.
1218 silly tarball no local data for anymatch@https://registry.npmjs.org/anymatch/-/anymatch-3.1.3.tgz. Extracting by manifest.
1219 silly tarball no local data for sucrase@https://registry.npmjs.org/sucrase/-/sucrase-3.35.1.tgz. Extracting by manifest.
1220 silly tarball no local data for resolve@https://registry.npmjs.org/resolve/-/resolve-1.22.11.tgz. Extracting by manifest.
1221 silly tarball no local data for postcss-selector-parser@https://registry.npmjs.org/postcss-selector-parser/-/postcss-selector-parser-6.1.2.tgz. Extracting by manifest.
1222 silly tarball no local data for postcss-nested@https://registry.npmjs.org/postcss-nested/-/postcss-nested-6.2.0.tgz. Extracting by manifest.
1223 silly tarball no local data for postcss-load-config@https://registry.npmjs.org/postcss-load-config/-/postcss-load-config-6.0.1.tgz. Extracting by manifest.
1224 silly tarball no local data for postcss-js@https://registry.npmjs.org/postcss-js/-/postcss-js-4.1.0.tgz. Extracting by manifest.
1225 silly tarball no local data for postcss-import@https://registry.npmjs.org/postcss-import/-/postcss-import-15.1.0.tgz. Extracting by manifest.
1226 silly tarball no local data for object-hash@https://registry.npmjs.org/object-hash/-/object-hash-3.0.0.tgz. Extracting by manifest.
1227 silly tarball no local data for normalize-path@https://registry.npmjs.org/normalize-path/-/normalize-path-3.0.0.tgz. Extracting by manifest.
1228 silly tarball no local data for micromatch@https://registry.npmjs.org/micromatch/-/micromatch-4.0.8.tgz. Extracting by manifest.
1229 silly tarball no local data for lilconfig@https://registry.npmjs.org/lilconfig/-/lilconfig-3.1.3.tgz. Extracting by manifest.
1230 silly tarball no local data for jiti@https://registry.npmjs.org/jiti/-/jiti-1.21.7.tgz. Extracting by manifest.
1231 silly tarball no local data for is-glob@https://registry.npmjs.org/is-glob/-/is-glob-4.0.3.tgz. Extracting by manifest.
1232 silly tarball no local data for fast-glob@https://registry.npmjs.org/fast-glob/-/fast-glob-3.3.3.tgz. Extracting by manifest.
1233 silly tarball no local data for didyoumean@https://registry.npmjs.org/didyoumean/-/didyoumean-1.2.2.tgz. Extracting by manifest.
1234 silly tarball no local data for chokidar@https://registry.npmjs.org/chokidar/-/chokidar-3.6.0.tgz. Extracting by manifest.
1235 silly tarball no local data for arg@https://registry.npmjs.org/arg/-/arg-5.0.2.tgz. Extracting by manifest.
1236 silly tarball no local data for @alloc/quick-lru@https://registry.npmjs.org/@alloc/quick-lru/-/quick-lru-5.2.0.tgz. Extracting by manifest.
1237 silly tarball no local data for glob-parent@https://registry.npmjs.org/glob-parent/-/glob-parent-6.0.2.tgz. Extracting by manifest.
1238 silly tarball no local data for client-only@https://registry.npmjs.org/client-only/-/client-only-0.0.1.tgz. Extracting by manifest.
1239 silly tarball no local data for decimal.js-light@https://registry.npmjs.org/decimal.js-light/-/decimal.js-light-2.5.1.tgz. Extracting by manifest.
1240 silly tarball no local data for @babel/runtime@https://registry.npmjs.org/@babel/runtime/-/runtime-7.28.6.tgz. Extracting by manifest.
1241 silly tarball no local data for dom-helpers@https://registry.npmjs.org/dom-helpers/-/dom-helpers-5.2.1.tgz. Extracting by manifest.
1242 silly tarball no local data for object-assign@https://registry.npmjs.org/object-assign/-/object-assign-4.1.1.tgz. Extracting by manifest.
1243 silly tarball no local data for prop-types@https://registry.npmjs.org/prop-types/-/prop-types-15.8.1.tgz. Extracting by manifest.
1244 silly tarball no local data for react-transition-group@https://registry.npmjs.org/react-transition-group/-/react-transition-group-4.4.5.tgz. Extracting by manifest.
1245 silly tarball no local data for fast-equals@https://registry.npmjs.org/fast-equals/-/fast-equals-5.4.0.tgz. Extracting by manifest.
1246 silly tarball no local data for victory-vendor@https://registry.npmjs.org/victory-vendor/-/victory-vendor-36.9.2.tgz. Extracting by manifest.
1247 silly tarball no local data for tiny-invariant@https://registry.npmjs.org/tiny-invariant/-/tiny-invariant-1.3.3.tgz. Extracting by manifest.
1248 silly tarball no local data for recharts-scale@https://registry.npmjs.org/recharts-scale/-/recharts-scale-0.4.5.tgz. Extracting by manifest.
1249 silly tarball no local data for react-is@https://registry.npmjs.org/react-is/-/react-is-18.3.1.tgz. Extracting by manifest.
1250 silly tarball no local data for react-smooth@https://registry.npmjs.org/react-smooth/-/react-smooth-4.0.4.tgz. Extracting by manifest.
1251 silly tarball no local data for lodash@https://registry.npmjs.org/lodash/-/lodash-4.17.23.tgz. Extracting by manifest.
1252 silly tarball no local data for dlv@https://registry.npmjs.org/dlv/-/dlv-1.1.3.tgz. Extracting by manifest.
1253 silly tarball no local data for eventemitter3@https://registry.npmjs.org/eventemitter3/-/eventemitter3-4.0.7.tgz. Extracting by manifest.
1254 silly tarball no local data for clsx@https://registry.npmjs.org/clsx/-/clsx-2.1.1.tgz. Extracting by manifest.
1255 silly tarball no local data for scheduler@https://registry.npmjs.org/scheduler/-/scheduler-0.23.2.tgz. Extracting by manifest.
1256 silly tarball no local data for source-map-js@https://registry.npmjs.org/source-map-js/-/source-map-js-1.2.1.tgz. Extracting by manifest.
1257 silly tarball no local data for loose-envify@https://registry.npmjs.org/loose-envify/-/loose-envify-1.4.0.tgz. Extracting by manifest.
1258 silly tarball no local data for coffee-script@https://registry.npmjs.org/coffee-script/-/coffee-script-1.12.7.tgz. Extracting by manifest.
1259 silly tarball no local data for js-tokens@https://registry.npmjs.org/js-tokens/-/js-tokens-4.0.0.tgz. Extracting by manifest.
1260 silly tarball no local data for tslib@https://registry.npmjs.org/tslib/-/tslib-2.8.1.tgz. Extracting by manifest.
1261 silly tarball no local data for streamsearch@https://registry.npmjs.org/streamsearch/-/streamsearch-1.1.0.tgz. Extracting by manifest.
1262 silly tarball no local data for @swc/counter@https://registry.npmjs.org/@swc/counter/-/counter-0.1.3.tgz. Extracting by manifest.
1263 silly tarball no local data for nanoid@https://registry.npmjs.org/nanoid/-/nanoid-3.3.11.tgz. Extracting by manifest.
1264 silly tarball no local data for busboy@https://registry.npmjs.org/busboy/-/busboy-1.6.0.tgz. Extracting by manifest.
1265 silly tarball no local data for @swc/helpers@https://registry.npmjs.org/@swc/helpers/-/helpers-0.5.5.tgz. Extracting by manifest.
1266 silly tarball no local data for styled-jsx@https://registry.npmjs.org/styled-jsx/-/styled-jsx-5.1.1.tgz. Extracting by manifest.
1267 silly tarball no local data for @next/env@https://registry.npmjs.org/@next/env/-/env-14.2.0.tgz. Extracting by manifest.
1268 silly tarball no local data for graceful-fs@https://registry.npmjs.org/graceful-fs/-/graceful-fs-4.2.11.tgz. Extracting by manifest.
1269 silly tarball no local data for dunder-proto@https://registry.npmjs.org/dunder-proto/-/dunder-proto-1.0.1.tgz. Extracting by manifest.
1270 silly tarball no local data for has-symbols@https://registry.npmjs.org/has-symbols/-/has-symbols-1.1.0.tgz. Extracting by manifest.
1271 silly tarball no local data for mime-db@https://registry.npmjs.org/mime-db/-/mime-db-1.52.0.tgz. Extracting by manifest.
1272 silly tarball no local data for gopd@https://registry.npmjs.org/gopd/-/gopd-1.2.0.tgz. Extracting by manifest.
1273 silly tarball no local data for get-proto@https://registry.npmjs.org/get-proto/-/get-proto-1.0.1.tgz. Extracting by manifest.
1274 silly tarball no local data for @next/swc-darwin-arm64@https://registry.npmjs.org/@next/swc-darwin-arm64/-/swc-darwin-arm64-14.2.0.tgz. Extracting by manifest.
1275 silly tarball no local data for function-bind@https://registry.npmjs.org/function-bind/-/function-bind-1.1.2.tgz. Extracting by manifest.
1276 silly tarball no local data for es-object-atoms@https://registry.npmjs.org/es-object-atoms/-/es-object-atoms-1.1.1.tgz. Extracting by manifest.
1277 silly tarball no local data for es-define-property@https://registry.npmjs.org/es-define-property/-/es-define-property-1.0.1.tgz. Extracting by manifest.
1278 silly tarball no local data for call-bind-apply-helpers@https://registry.npmjs.org/call-bind-apply-helpers/-/call-bind-apply-helpers-1.0.2.tgz. Extracting by manifest.
1279 silly tarball no local data for has-tostringtag@https://registry.npmjs.org/has-tostringtag/-/has-tostringtag-1.0.2.tgz. Extracting by manifest.
1280 silly tarball no local data for get-intrinsic@https://registry.npmjs.org/get-intrinsic/-/get-intrinsic-1.3.0.tgz. Extracting by manifest.
1281 silly tarball no local data for es-errors@https://registry.npmjs.org/es-errors/-/es-errors-1.3.0.tgz. Extracting by manifest.
1282 silly tarball no local data for delayed-stream@https://registry.npmjs.org/delayed-stream/-/delayed-stream-1.0.0.tgz. Extracting by manifest.
1283 silly tarball no local data for mime-types@https://registry.npmjs.org/mime-types/-/mime-types-2.1.35.tgz. Extracting by manifest.
1284 silly tarball no local data for hasown@https://registry.npmjs.org/hasown/-/hasown-2.0.2.tgz. Extracting by manifest.
1285 silly tarball no local data for math-intrinsics@https://registry.npmjs.org/math-intrinsics/-/math-intrinsics-1.1.0.tgz. Extracting by manifest.
1286 silly tarball no local data for asynckit@https://registry.npmjs.org/asynckit/-/asynckit-0.4.0.tgz. Extracting by manifest.
1287 silly tarball no local data for combined-stream@https://registry.npmjs.org/combined-stream/-/combined-stream-1.0.8.tgz. Extracting by manifest.
1288 silly tarball no local data for node-releases@https://registry.npmjs.org/node-releases/-/node-releases-2.0.36.tgz. Extracting by manifest.
1289 silly tarball no local data for electron-to-chromium@https://registry.npmjs.org/electron-to-chromium/-/electron-to-chromium-1.5.313.tgz. Extracting by manifest.
1290 silly tarball no local data for baseline-browser-mapping@https://registry.npmjs.org/baseline-browser-mapping/-/baseline-browser-mapping-2.10.7.tgz. Extracting by manifest.
1291 silly tarball no local data for proxy-from-env@https://registry.npmjs.org/proxy-from-env/-/proxy-from-env-1.1.0.tgz. Extracting by manifest.
1292 silly tarball no local data for es-set-tostringtag@https://registry.npmjs.org/es-set-tostringtag/-/es-set-tostringtag-2.1.0.tgz. Extracting by manifest.
1293 silly tarball no local data for form-data@https://registry.npmjs.org/form-data/-/form-data-4.0.5.tgz. Extracting by manifest.
1294 silly tarball no local data for update-browserslist-db@https://registry.npmjs.org/update-browserslist-db/-/update-browserslist-db-1.2.3.tgz. Extracting by manifest.
1295 silly tarball no local data for follow-redirects@https://registry.npmjs.org/follow-redirects/-/follow-redirects-1.15.11.tgz. Extracting by manifest.
1296 silly tarball no local data for postcss-value-parser@https://registry.npmjs.org/postcss-value-parser/-/postcss-value-parser-4.2.0.tgz. Extracting by manifest.
1297 silly tarball no local data for caniuse-lite@https://registry.npmjs.org/caniuse-lite/-/caniuse-lite-1.0.30001778.tgz. Extracting by manifest.
1298 silly tarball no local data for picocolors@https://registry.npmjs.org/picocolors/-/picocolors-1.1.1.tgz. Extracting by manifest.
1299 silly tarball no local data for browserslist@https://registry.npmjs.org/browserslist/-/browserslist-4.28.1.tgz. Extracting by manifest.
1300 silly tarball no local data for fraction.js@https://registry.npmjs.org/fraction.js/-/fraction.js-5.3.4.tgz. Extracting by manifest.
1301 silly tarball no local data for csstype@https://registry.npmjs.org/csstype/-/csstype-3.2.3.tgz. Extracting by manifest.
1302 silly tarball no local data for @types/prop-types@https://registry.npmjs.org/@types/prop-types/-/prop-types-15.7.15.tgz. Extracting by manifest.
1303 silly tarball no local data for undici-types@https://registry.npmjs.org/undici-types/-/undici-types-6.21.0.tgz. Extracting by manifest.
1304 silly tarball no local data for tailwindcss@https://registry.npmjs.org/tailwindcss/-/tailwindcss-3.4.19.tgz. Extracting by manifest.
1305 silly tarball no local data for no@https://registry.npmjs.org/no/-/no-0.0.1.tgz. Extracting by manifest.
1306 silly tarball no local data for recharts@https://registry.npmjs.org/recharts/-/recharts-2.15.4.tgz. Extracting by manifest.
1307 silly tarball no local data for react-dom@https://registry.npmjs.org/react-dom/-/react-dom-18.3.1.tgz. Extracting by manifest.
1308 silly tarball no local data for typescript@https://registry.npmjs.org/typescript/-/typescript-5.9.3.tgz. Extracting by manifest.
1309 silly tarball no local data for react@https://registry.npmjs.org/react/-/react-18.3.1.tgz. Extracting by manifest.
1310 silly tarball no local data for lucide-react@https://registry.npmjs.org/lucide-react/-/lucide-react-0.294.0.tgz. Extracting by manifest.
1311 silly tarball no local data for axios@https://registry.npmjs.org/axios/-/axios-1.13.6.tgz. Extracting by manifest.
1312 silly tarball no local data for postcss@https://registry.npmjs.org/postcss/-/postcss-8.5.8.tgz. Extracting by manifest.
1313 silly tarball no local data for autoprefixer@https://registry.npmjs.org/autoprefixer/-/autoprefixer-10.4.27.tgz. Extracting by manifest.
1314 silly tarball no local data for @types/react-dom@https://registry.npmjs.org/@types/react-dom/-/react-dom-18.3.7.tgz. Extracting by manifest.
1315 silly tarball no local data for @types/react@https://registry.npmjs.org/@types/react/-/react-18.3.28.tgz. Extracting by manifest.
1316 silly tarball no local data for next@https://registry.npmjs.org/next/-/next-14.2.0.tgz. Extracting by manifest.
1317 silly tarball no local data for @types/node@https://registry.npmjs.org/@types/node/-/node-20.19.37.tgz. Extracting by manifest.
1318 silly tarball no local data for fdir@https://registry.npmjs.org/fdir/-/fdir-6.5.0.tgz. Extracting by manifest.
1319 silly tarball no local data for glob-parent@https://registry.npmjs.org/glob-parent/-/glob-parent-5.1.2.tgz. Extracting by manifest.
1320 silly tarball no local data for react-is@https://registry.npmjs.org/react-is/-/react-is-16.13.1.tgz. Extracting by manifest.
1321 silly tarball no local data for glob-parent@https://registry.npmjs.org/glob-parent/-/glob-parent-5.1.2.tgz. Extracting by manifest.
1322 silly tarball no local data for postcss@https://registry.npmjs.org/postcss/-/postcss-8.4.31.tgz. Extracting by manifest.
1323 silly tarball no local data for picomatch@https://registry.npmjs.org/picomatch/-/picomatch-4.0.3.tgz. Extracting by manifest.
1324 http fetch GET 200 https://registry.npmjs.org/internmap/-/internmap-2.0.3.tgz 96ms (cache miss)
1325 http fetch GET 200 https://registry.npmjs.org/d3-format/-/d3-format-3.1.2.tgz 96ms (cache miss)
1326 http fetch GET 200 https://registry.npmjs.org/d3-path/-/d3-path-3.1.0.tgz 102ms (cache miss)
1327 http fetch GET 200 https://registry.npmjs.org/d3-time-format/-/d3-time-format-4.1.0.tgz 144ms (cache miss)
1328 http fetch GET 200 https://registry.npmjs.org/d3-timer/-/d3-timer-3.0.1.tgz 234ms (cache miss)
1329 http fetch GET 200 https://registry.npmjs.org/d3-time/-/d3-time-3.1.0.tgz 243ms (cache miss)
1330 http fetch GET 200 https://registry.npmjs.org/d3-ease/-/d3-ease-3.0.1.tgz 246ms (cache miss)
1331 http fetch GET 200 https://registry.npmjs.org/d3-scale/-/d3-scale-4.0.2.tgz 247ms (cache miss)
1332 http fetch GET 200 https://registry.npmjs.org/d3-interpolate/-/d3-interpolate-3.0.1.tgz 248ms (cache miss)
1333 http fetch GET 200 https://registry.npmjs.org/d3-array/-/d3-array-3.2.4.tgz 256ms (cache miss)
1334 http fetch GET 200 https://registry.npmjs.org/d3-shape/-/d3-shape-3.2.0.tgz 259ms (cache miss)
1335 http fetch GET 200 https://registry.npmjs.org/thenify-all/-/thenify-all-1.6.0.tgz 278ms (cache miss)
1336 http fetch GET 200 https://registry.npmjs.org/escalade/-/escalade-3.2.0.tgz 278ms (cache miss)
1337 http fetch GET 200 https://registry.npmjs.org/thenify/-/thenify-3.3.1.tgz 281ms (cache miss)
1338 http fetch GET 200 https://registry.npmjs.org/any-promise/-/any-promise-1.3.0.tgz 300ms (cache miss)
1339 http fetch GET 200 https://registry.npmjs.org/@types/d3-path/-/d3-path-3.1.1.tgz 366ms (cache miss)
1340 http fetch GET 200 https://registry.npmjs.org/is-number/-/is-number-7.0.0.tgz 363ms (cache miss)
1341 http fetch POST 200 https://registry.npmjs.org/-/npm/v1/security/advisories/bulk 412ms
1342 silly audit report {
1342 silly audit report   next: [
1342 silly audit report     {
1342 silly audit report       id: 1099638,
1342 silly audit report       url: 'https://github.com/advisories/GHSA-gp8f-8m3g-qvj9',
1342 silly audit report       title: 'Next.js Cache Poisoning',
1342 silly audit report       severity: 'high',
1342 silly audit report       vulnerable_versions: '>=14.0.0 <14.2.10',
1342 silly audit report       cwe: [Array],
1342 silly audit report       cvss: [Object]
1342 silly audit report     },
1342 silly audit report     {
1342 silly audit report       id: 1100421,
1342 silly audit report       url: 'https://github.com/advisories/GHSA-g77x-44xx-532m',
1342 silly audit report       title: 'Denial of Service condition in Next.js image optimization',
1342 silly audit report       severity: 'moderate',
1342 silly audit report       vulnerable_versions: '>=10.0.0 <14.2.7',
1342 silly audit report       cwe: [Array],
1342 silly audit report       cvss: [Object]
1342 silly audit report     },
1342 silly audit report     {
1342 silly audit report       id: 1101438,
1342 silly audit report       url: 'https://github.com/advisories/GHSA-7m27-7ghc-44w9',
1342 silly audit report       title: 'Next.js Allows a Denial of Service (DoS) with Server Actions',
1342 silly audit report       severity: 'moderate',
1342 silly audit report       vulnerable_versions: '>=14.0.0 <14.2.21',
1342 silly audit report       cwe: [Array],
1342 silly audit report       cvss: [Object]
1342 silly audit report     },
1342 silly audit report     {
1342 silly audit report       id: 1105461,
1342 silly audit report       url: 'https://github.com/advisories/GHSA-3h52-269p-cp9r',
1342 silly audit report       title: 'Information exposure in Next.js dev server due to lack of origin verification',
1342 silly audit report       severity: 'low',
1342 silly audit report       vulnerable_versions: '>=13.0 <14.2.30',
1342 silly audit report       cwe: [Array],
1342 silly audit report       cvss: [Object]
1342 silly audit report     },
1342 silly audit report     {
1342 silly audit report       id: 1111391,
1342 silly audit report       url: 'https://github.com/advisories/GHSA-mwv6-3258-q52c',
1342 silly audit report       title: 'Next Vulnerable to Denial of Service with Server Components',
1342 silly audit report       severity: 'high',
1342 silly audit report       vulnerable_versions: '>=13.3.0 <14.2.34',
1342 silly audit report       cwe: [Array],
1342 silly audit report       cvss: [Object]
1342 silly audit report     },
1342 silly audit report     {
1342 silly audit report       id: 1107226,
1342 silly audit report       url: 'https://github.com/advisories/GHSA-g5qg-72qw-gw5v',
1342 silly audit report       title: 'Next.js Affected by Cache Key Confusion for Image Optimization API Routes',
1342 silly audit report       severity: 'moderate',
1342 silly audit report       vulnerable_versions: '>=0.9.9 <14.2.31',
1342 silly audit report       cwe: [Array],
1342 silly audit report       cvss: [Object]
1342 silly audit report     },
1342 silly audit report     {
1342 silly audit report       id: 1107420,
1342 silly audit report       url: 'https://github.com/advisories/GHSA-7gfc-8cq8-jh5f',
1342 silly audit report       title: 'Next.js authorization bypass vulnerability',
1342 silly audit report       severity: 'high',
1342 silly audit report       vulnerable_versions: '>=9.5.5 <14.2.15',
1342 silly audit report       cwe: [Array],
1342 silly audit report       cvss: [Object]
1342 silly audit report     },
1342 silly audit report     {
1342 silly audit report       id: 1107512,
1342 silly audit report       url: 'https://github.com/advisories/GHSA-4342-x723-ch2f',
1342 silly audit report       title: 'Next.js Improper Middleware Redirect Handling Leads to SSRF',
1342 silly audit report       severity: 'moderate',
1342 silly audit report       vulnerable_versions: '>=0.9.9 <14.2.32',
1342 silly audit report       cwe: [Array],
1342 silly audit report       cvss: [Object]
1342 silly audit report     },
1342 silly audit report     {
1342 silly audit report       id: 1107513,
1342 silly audit report       url: 'https://github.com/advisories/GHSA-xv57-4mr9-wg8v',
1342 silly audit report       title: 'Next.js Content Injection Vulnerability for Image Optimization',
1342 silly audit report       severity: 'moderate',
1342 silly audit report       vulnerable_versions: '>=0.9.9 <14.2.31',
1342 silly audit report       cwe: [Array],
1342 silly audit report       cvss: [Object]
1342 silly audit report     },
1342 silly audit report     {
1342 silly audit report       id: 1112182,
1342 silly audit report       url: 'https://github.com/advisories/GHSA-5j59-xgg2-r9c4',
1342 silly audit report       title: 'Next has a Denial of Service with Server Components - Incomplete Fix Follow-Up',
1342 silly audit report       severity: 'high',
1342 silly audit report       vulnerable_versions: '>=13.3.1-canary.0 <14.2.35',
1342 silly audit report       cwe: [Array],
1342 silly audit report       cvss: [Object]
1342 silly audit report     },
1342 silly audit report     {
1342 silly audit report       id: 1108291,
1342 silly audit report       url: 'https://github.com/advisories/GHSA-qpjv-v59x-3qc4',
1342 silly audit report       title: 'Next.js Race Condition to Cache Poisoning',
1342 silly audit report       severity: 'low',
1342 silly audit report       vulnerable_versions: '>=0.9.9 <14.2.24',
1342 silly audit report       cwe: [Array],
1342 silly audit report       cvss: [Object]
1342 silly audit report     },
1342 silly audit report     {
1342 silly audit report       id: 1112593,
1342 silly audit report       url: 'https://github.com/advisories/GHSA-9g9p-9gw9-jx7f',
1342 silly audit report       title: 'Next.js self-hosted applications vulnerable to DoS via Image Optimizer remotePatterns configuration',
1342 silly audit report       severity: 'moderate',
1342 silly audit report       vulnerable_versions: '>=10.0.0 <15.5.10',
1342 silly audit report       cwe: [Array],
1342 silly audit report       cvss: [Object]
1342 silly audit report     },
1342 silly audit report     {
1342 silly audit report       id: 1112653,
1342 silly audit report       url: 'https://github.com/advisories/GHSA-h25m-26qc-wcjf',
1342 silly audit report       title: 'Next.js HTTP request deserialization can lead to DoS when using insecure React Server Components',
1342 silly audit report       severity: 'high',
1342 silly audit report       vulnerable_versions: '>=13.0.0 <15.0.8',
1342 silly audit report       cwe: [Array],
1342 silly audit report       cvss: [Object]
1342 silly audit report     },
1342 silly audit report     {
1342 silly audit report       id: 1113689,
1342 silly audit report       url: 'https://github.com/advisories/GHSA-f82v-jwr5-mffw',
1342 silly audit report       title: 'Authorization Bypass in Next.js Middleware',
1342 silly audit report       severity: 'critical',
1342 silly audit report       vulnerable_versions: '>=14.0.0 <14.2.25',
1342 silly audit report       cwe: [Array],
1342 silly audit report       cvss: [Object]
1342 silly audit report     }
1342 silly audit report   ]
1342 silly audit report }
1343 silly packumentCache corgi:https://registry.npmjs.org/next cache-miss
1344 http fetch GET 200 https://registry.npmjs.org/d3-color/-/d3-color-3.1.0.tgz 401ms (cache miss)
1345 http fetch GET 200 https://registry.npmjs.org/tinyglobby/-/tinyglobby-0.2.15.tgz 421ms (cache miss)
1346 http fetch GET 200 https://registry.npmjs.org/@types/d3-time/-/d3-time-3.0.4.tgz 424ms (cache miss)
1347 http fetch GET 200 https://registry.npmjs.org/ts-interface-checker/-/ts-interface-checker-0.1.13.tgz 431ms (cache miss)
1348 http fetch GET 200 https://registry.npmjs.org/mz/-/mz-2.7.0.tgz 437ms (cache miss)
1349 http fetch GET 200 https://registry.npmjs.org/pirates/-/pirates-4.0.7.tgz 442ms (cache miss)
1350 http fetch GET 200 https://registry.npmjs.org/lines-and-columns/-/lines-and-columns-1.2.4.tgz 460ms (cache miss)
1351 http fetch GET 200 https://registry.npmjs.org/commander/-/commander-4.1.1.tgz 459ms (cache miss)
1352 http fetch GET 200 https://registry.npmjs.org/@types/d3-timer/-/d3-timer-3.0.2.tgz 474ms (cache miss)
1353 http fetch GET 200 https://registry.npmjs.org/supports-preserve-symlinks-flag/-/supports-preserve-symlinks-flag-1.0.0.tgz 570ms (cache miss)
1354 http fetch GET 200 https://registry.npmjs.org/queue-microtask/-/queue-microtask-1.2.3.tgz 570ms (cache miss)
1355 http fetch GET 200 https://registry.npmjs.org/@types/d3-shape/-/d3-shape-3.1.8.tgz 573ms (cache miss)
1356 http fetch GET 200 https://registry.npmjs.org/is-core-module/-/is-core-module-2.16.1.tgz 570ms (cache miss)
1357 http fetch GET 200 https://registry.npmjs.org/@types/d3-array/-/d3-array-3.2.2.tgz 597ms (cache miss)
1358 http fetch GET 200 https://registry.npmjs.org/cssesc/-/cssesc-3.0.0.tgz 613ms (cache miss)
1359 http fetch GET 200 https://registry.npmjs.org/read-cache/-/read-cache-1.0.0.tgz 613ms (cache miss)
1360 http fetch GET 200 https://registry.npmjs.org/pify/-/pify-2.3.0.tgz 615ms (cache miss)
1361 http fetch GET 200 https://registry.npmjs.org/util-deprecate/-/util-deprecate-1.0.2.tgz 614ms (cache miss)
1362 http fetch GET 200 https://registry.npmjs.org/path-parse/-/path-parse-1.0.7.tgz 621ms (cache miss)
1363 http fetch GET 200 https://registry.npmjs.org/@types/d3-scale/-/d3-scale-4.0.9.tgz 625ms (cache miss)
1364 http fetch GET 200 https://registry.npmjs.org/@jridgewell/trace-mapping/-/trace-mapping-0.3.31.tgz 625ms (cache miss)
1365 http fetch GET 200 https://registry.npmjs.org/@jridgewell/sourcemap-codec/-/sourcemap-codec-1.5.5.tgz 628ms (cache miss)
1366 http fetch GET 200 https://registry.npmjs.org/camelcase-css/-/camelcase-css-2.0.1.tgz 629ms (cache miss)
1367 http fetch GET 200 https://registry.npmjs.org/is-extglob/-/is-extglob-2.1.1.tgz 641ms (cache miss)
1368 http fetch GET 200 https://registry.npmjs.org/binary-extensions/-/binary-extensions-2.3.0.tgz 650ms (cache miss)
1369 http fetch GET 200 https://registry.npmjs.org/run-parallel/-/run-parallel-1.2.0.tgz 657ms (cache miss)
1370 http fetch GET 200 https://registry.npmjs.org/fastq/-/fastq-1.20.1.tgz 657ms (cache miss)
1371 http fetch GET 200 https://registry.npmjs.org/reusify/-/reusify-1.1.0.tgz 668ms (cache miss)
1372 http fetch GET 200 https://registry.npmjs.org/to-regex-range/-/to-regex-range-5.0.1.tgz 673ms (cache miss)
1373 http fetch GET 200 https://registry.npmjs.org/@types/d3-ease/-/d3-ease-3.0.2.tgz 677ms (cache miss)
1374 http fetch GET 200 https://registry.npmjs.org/merge2/-/merge2-1.4.1.tgz 684ms (cache miss)
1375 http fetch GET 200 https://registry.npmjs.org/@types/d3-interpolate/-/d3-interpolate-3.0.4.tgz 694ms (cache miss)
1376 http fetch GET 200 https://registry.npmjs.org/fsevents/-/fsevents-2.3.3.tgz 709ms (cache miss)
1377 http fetch GET 200 https://registry.npmjs.org/readdirp/-/readdirp-3.6.0.tgz 715ms (cache miss)
1378 http fetch GET 200 https://registry.npmjs.org/is-binary-path/-/is-binary-path-2.1.0.tgz 721ms (cache miss)
1379 http fetch GET 200 https://registry.npmjs.org/anymatch/-/anymatch-3.1.3.tgz 728ms (cache miss)
1380 http fetch GET 200 https://registry.npmjs.org/braces/-/braces-3.0.3.tgz 734ms (cache miss)
1381 http fetch GET 200 https://registry.npmjs.org/picomatch/-/picomatch-2.3.1.tgz 734ms (cache miss)
1382 http fetch GET 200 https://registry.npmjs.org/fill-range/-/fill-range-7.1.1.tgz 740ms (cache miss)
1383 http fetch GET 200 https://registry.npmjs.org/@jridgewell/gen-mapping/-/gen-mapping-0.3.13.tgz 744ms (cache miss)
1384 http fetch GET 200 https://registry.npmjs.org/resolve/-/resolve-1.22.11.tgz 751ms (cache miss)
1385 http fetch GET 200 https://registry.npmjs.org/postcss-nested/-/postcss-nested-6.2.0.tgz 762ms (cache miss)
1386 http fetch GET 200 https://registry.npmjs.org/postcss-selector-parser/-/postcss-selector-parser-6.1.2.tgz 765ms (cache miss)
1387 http fetch GET 200 https://registry.npmjs.org/normalize-path/-/normalize-path-3.0.0.tgz 769ms (cache miss)
1388 http fetch GET 200 https://registry.npmjs.org/postcss-load-config/-/postcss-load-config-6.0.1.tgz 769ms (cache miss)
1389 http fetch GET 200 https://registry.npmjs.org/postcss-js/-/postcss-js-4.1.0.tgz 773ms (cache miss)
1390 http fetch GET 200 https://registry.npmjs.org/postcss-import/-/postcss-import-15.1.0.tgz 786ms (cache miss)
1391 http fetch GET 200 https://registry.npmjs.org/object-hash/-/object-hash-3.0.0.tgz 790ms (cache miss)
1392 http fetch GET 200 https://registry.npmjs.org/is-glob/-/is-glob-4.0.3.tgz 803ms (cache miss)
1393 http fetch GET 200 https://registry.npmjs.org/micromatch/-/micromatch-4.0.8.tgz 816ms (cache miss)
1394 http fetch GET 200 https://registry.npmjs.org/didyoumean/-/didyoumean-1.2.2.tgz 824ms (cache miss)
1395 http fetch GET 200 https://registry.npmjs.org/lilconfig/-/lilconfig-3.1.3.tgz 848ms (cache miss)
1396 http fetch GET 200 https://registry.npmjs.org/arg/-/arg-5.0.2.tgz 847ms (cache miss)
1397 http fetch GET 200 https://registry.npmjs.org/chokidar/-/chokidar-3.6.0.tgz 853ms (cache miss)
1398 http fetch GET 200 https://registry.npmjs.org/jiti/-/jiti-1.21.7.tgz 854ms (cache miss)
1399 http fetch GET 200 https://registry.npmjs.org/glob-parent/-/glob-parent-6.0.2.tgz 854ms (cache miss)
1400 http fetch GET 200 https://registry.npmjs.org/fast-glob/-/fast-glob-3.3.3.tgz 862ms (cache miss)
1401 http fetch GET 200 https://registry.npmjs.org/client-only/-/client-only-0.0.1.tgz 863ms (cache miss)
1402 http fetch GET 200 https://registry.npmjs.org/@types/d3-color/-/d3-color-3.1.3.tgz 880ms (cache miss)
1403 http fetch GET 200 https://registry.npmjs.org/decimal.js-light/-/decimal.js-light-2.5.1.tgz 874ms (cache miss)
1404 http fetch GET 200 https://registry.npmjs.org/object-assign/-/object-assign-4.1.1.tgz 890ms (cache miss)
1405 http fetch GET 200 https://registry.npmjs.org/fast-equals/-/fast-equals-5.4.0.tgz 902ms (cache miss)
1406 http fetch GET 200 https://registry.npmjs.org/tiny-invariant/-/tiny-invariant-1.3.3.tgz 918ms (cache miss)
1407 http fetch GET 200 https://registry.npmjs.org/react-is/-/react-is-18.3.1.tgz 927ms (cache miss)
1408 http fetch GET 200 https://registry.npmjs.org/recharts-scale/-/recharts-scale-0.4.5.tgz 928ms (cache miss)
1409 http fetch GET 200 https://registry.npmjs.org/react-smooth/-/react-smooth-4.0.4.tgz 953ms (cache miss)
1410 http fetch GET 200 https://registry.npmjs.org/@nodelib/fs.walk/-/fs.walk-1.2.8.tgz 963ms (cache miss)
1411 http fetch GET 200 https://registry.npmjs.org/dom-helpers/-/dom-helpers-5.2.1.tgz 960ms (cache miss)
1412 http fetch GET 200 https://registry.npmjs.org/dlv/-/dlv-1.1.3.tgz 964ms (cache miss)
1413 http fetch GET 200 https://registry.npmjs.org/clsx/-/clsx-2.1.1.tgz 968ms (cache miss)
1414 http fetch GET 200 https://registry.npmjs.org/scheduler/-/scheduler-0.23.2.tgz 977ms (cache miss)
1415 http fetch GET 200 https://registry.npmjs.org/eventemitter3/-/eventemitter3-4.0.7.tgz 984ms (cache miss)
1416 http fetch GET 200 https://registry.npmjs.org/react-transition-group/-/react-transition-group-4.4.5.tgz 991ms (cache miss)
1417 http fetch GET 200 https://registry.npmjs.org/victory-vendor/-/victory-vendor-36.9.2.tgz 1034ms (cache miss)
1418 http fetch GET 200 https://registry.npmjs.org/loose-envify/-/loose-envify-1.4.0.tgz 1083ms (cache miss)
1419 http fetch GET 200 https://registry.npmjs.org/@jridgewell/resolve-uri/-/resolve-uri-3.1.2.tgz 1107ms (cache miss)
1420 http fetch GET 200 https://registry.npmjs.org/@alloc/quick-lru/-/quick-lru-5.2.0.tgz 1134ms (cache miss)
1421 http fetch GET 200 https://registry.npmjs.org/nanoid/-/nanoid-3.3.11.tgz 1134ms (cache miss)
1422 http fetch GET 200 https://registry.npmjs.org/streamsearch/-/streamsearch-1.1.0.tgz 1163ms (cache miss)
1423 http fetch GET 200 https://registry.npmjs.org/busboy/-/busboy-1.6.0.tgz 1177ms (cache miss)
1424 http fetch GET 200 https://registry.npmjs.org/@nodelib/fs.scandir/-/fs.scandir-2.1.5.tgz 1204ms (cache miss)
1425 http fetch GET 200 https://registry.npmjs.org/graceful-fs/-/graceful-fs-4.2.11.tgz 1210ms (cache miss)
1426 http fetch GET 200 https://registry.npmjs.org/js-tokens/-/js-tokens-4.0.0.tgz 1219ms (cache miss)
1427 http fetch GET 200 https://registry.npmjs.org/prop-types/-/prop-types-15.8.1.tgz 1222ms (cache miss)
1428 http fetch GET 200 https://registry.npmjs.org/dunder-proto/-/dunder-proto-1.0.1.tgz 1225ms (cache miss)
1429 http fetch GET 200 https://registry.npmjs.org/styled-jsx/-/styled-jsx-5.1.1.tgz 1230ms (cache miss)
1430 http fetch GET 200 https://registry.npmjs.org/mime-db/-/mime-db-1.52.0.tgz 1258ms (cache miss)
1431 http fetch GET 200 https://registry.npmjs.org/gopd/-/gopd-1.2.0.tgz 1272ms (cache miss)
1432 http fetch GET 200 https://registry.npmjs.org/coffee-script/-/coffee-script-1.12.7.tgz 1275ms (cache miss)
1433 warn deprecated coffee-script@1.12.7: CoffeeScript on NPM has moved to "coffeescript" (no hyphen)
1434 http fetch GET 200 https://registry.npmjs.org/function-bind/-/function-bind-1.1.2.tgz 1278ms (cache miss)
1435 http fetch GET 200 https://registry.npmjs.org/@babel/runtime/-/runtime-7.28.6.tgz 1292ms (cache miss)
1436 http fetch GET 200 https://registry.npmjs.org/es-object-atoms/-/es-object-atoms-1.1.1.tgz 1299ms (cache miss)
1437 http fetch GET 200 https://registry.npmjs.org/get-proto/-/get-proto-1.0.1.tgz 1307ms (cache miss)
1438 http fetch GET 200 https://registry.npmjs.org/es-define-property/-/es-define-property-1.0.1.tgz 1310ms (cache miss)
1439 http fetch GET 200 https://registry.npmjs.org/lodash/-/lodash-4.17.23.tgz 1316ms (cache miss)
1440 http fetch GET 200 https://registry.npmjs.org/@swc/counter/-/counter-0.1.3.tgz 1321ms (cache miss)
1441 http fetch GET 200 https://registry.npmjs.org/has-tostringtag/-/has-tostringtag-1.0.2.tgz 1318ms (cache miss)
1442 http fetch GET 200 https://registry.npmjs.org/call-bind-apply-helpers/-/call-bind-apply-helpers-1.0.2.tgz 1319ms (cache miss)
1443 http fetch GET 200 https://registry.npmjs.org/get-intrinsic/-/get-intrinsic-1.3.0.tgz 1344ms (cache miss)
1444 http fetch GET 200 https://registry.npmjs.org/has-symbols/-/has-symbols-1.1.0.tgz 1346ms (cache miss)
1445 http fetch GET 200 https://registry.npmjs.org/es-errors/-/es-errors-1.3.0.tgz 1346ms (cache miss)
1446 http fetch GET 200 https://registry.npmjs.org/mime-types/-/mime-types-2.1.35.tgz 1359ms (cache miss)
1447 http fetch GET 200 https://registry.npmjs.org/math-intrinsics/-/math-intrinsics-1.1.0.tgz 1363ms (cache miss)
1448 http fetch GET 200 https://registry.npmjs.org/hasown/-/hasown-2.0.2.tgz 1364ms (cache miss)
1449 http fetch GET 200 https://registry.npmjs.org/asynckit/-/asynckit-0.4.0.tgz 1367ms (cache miss)
1450 http fetch GET 200 https://registry.npmjs.org/sucrase/-/sucrase-3.35.1.tgz 1378ms (cache miss)
1451 http fetch GET 200 https://registry.npmjs.org/delayed-stream/-/delayed-stream-1.0.0.tgz 1374ms (cache miss)
1452 http fetch GET 200 https://registry.npmjs.org/combined-stream/-/combined-stream-1.0.8.tgz 1381ms (cache miss)
1453 http fetch GET 200 https://registry.npmjs.org/node-releases/-/node-releases-2.0.36.tgz 1387ms (cache miss)
1454 http fetch GET 200 https://registry.npmjs.org/tslib/-/tslib-2.8.1.tgz 1392ms (cache miss)
1455 http fetch GET 200 https://registry.npmjs.org/proxy-from-env/-/proxy-from-env-1.1.0.tgz 1405ms (cache miss)
1456 http fetch GET 200 https://registry.npmjs.org/es-set-tostringtag/-/es-set-tostringtag-2.1.0.tgz 1412ms (cache miss)
1457 http fetch GET 200 https://registry.npmjs.org/update-browserslist-db/-/update-browserslist-db-1.2.3.tgz 1411ms (cache miss)
1458 http fetch GET 200 https://registry.npmjs.org/form-data/-/form-data-4.0.5.tgz 1411ms (cache miss)
1459 http fetch GET 200 https://registry.npmjs.org/postcss-value-parser/-/postcss-value-parser-4.2.0.tgz 1434ms (cache miss)
1460 http fetch GET 200 https://registry.npmjs.org/picocolors/-/picocolors-1.1.1.tgz 1435ms (cache miss)
1461 http fetch GET 200 https://registry.npmjs.org/source-map-js/-/source-map-js-1.2.1.tgz 1445ms (cache miss)
1462 http fetch GET 200 https://registry.npmjs.org/browserslist/-/browserslist-4.28.1.tgz 1454ms (cache miss)
1463 http fetch GET 200 https://registry.npmjs.org/@nodelib/fs.stat/-/fs.stat-2.0.5.tgz 1469ms (cache miss)
1464 http fetch GET 200 https://registry.npmjs.org/fraction.js/-/fraction.js-5.3.4.tgz 1476ms (cache miss)
1465 http fetch GET 200 https://registry.npmjs.org/follow-redirects/-/follow-redirects-1.15.11.tgz 1501ms (cache miss)
1466 http fetch GET 200 https://registry.npmjs.org/baseline-browser-mapping/-/baseline-browser-mapping-2.10.7.tgz 1503ms (cache miss)
1467 http fetch GET 200 https://registry.npmjs.org/undici-types/-/undici-types-6.21.0.tgz 1501ms (cache miss)
1468 http fetch GET 200 https://registry.npmjs.org/csstype/-/csstype-3.2.3.tgz 1501ms (cache miss)
1469 http fetch GET 200 https://registry.npmjs.org/caniuse-lite/-/caniuse-lite-1.0.30001778.tgz 1601ms (cache miss)
1470 http fetch GET 200 https://registry.npmjs.org/postcss/-/postcss-8.5.8.tgz 1745ms (cache miss)
1471 http fetch GET 200 https://registry.npmjs.org/@types/prop-types/-/prop-types-15.7.15.tgz 1746ms (cache miss)
1472 http fetch GET 200 https://registry.npmjs.org/@next/env/-/env-14.2.0.tgz 1764ms (cache miss)
1473 http fetch GET 200 https://registry.npmjs.org/no/-/no-0.0.1.tgz 1758ms (cache miss)
1474 http fetch GET 200 https://registry.npmjs.org/autoprefixer/-/autoprefixer-10.4.27.tgz 1758ms (cache miss)
1475 http fetch GET 200 https://registry.npmjs.org/@swc/helpers/-/helpers-0.5.5.tgz 1787ms (cache miss)
1476 http fetch GET 200 https://registry.npmjs.org/glob-parent/-/glob-parent-5.1.2.tgz 1801ms (cache miss)
1477 http fetch GET 200 https://registry.npmjs.org/fdir/-/fdir-6.5.0.tgz 1813ms (cache miss)
1478 http fetch GET 200 https://registry.npmjs.org/electron-to-chromium/-/electron-to-chromium-1.5.313.tgz 1821ms (cache miss)
1479 http fetch GET 200 https://registry.npmjs.org/recharts/-/recharts-2.15.4.tgz 1823ms (cache miss)
1480 http fetch GET 200 https://registry.npmjs.org/react-is/-/react-is-16.13.1.tgz 1848ms (cache miss)
1481 http fetch GET 200 https://registry.npmjs.org/glob-parent/-/glob-parent-5.1.2.tgz 1859ms (cache miss)
1482 http fetch GET 200 https://registry.npmjs.org/postcss/-/postcss-8.4.31.tgz 1955ms (cache miss)
1483 http fetch GET 200 https://registry.npmjs.org/picomatch/-/picomatch-4.0.3.tgz 2123ms (cache miss)
1484 http fetch GET 200 https://registry.npmjs.org/@types/react/-/react-18.3.28.tgz 2341ms (cache miss)
1485 http fetch GET 200 https://registry.npmjs.org/@types/react-dom/-/react-dom-18.3.7.tgz 2410ms (cache miss)
1486 http fetch GET 200 https://registry.npmjs.org/@types/node/-/node-20.19.37.tgz 2428ms (cache miss)
1487 http fetch GET 200 https://registry.npmjs.org/react/-/react-18.3.1.tgz 2716ms (cache miss)
1488 http fetch GET 200 https://registry.npmjs.org/tailwindcss/-/tailwindcss-3.4.19.tgz 2998ms (cache miss)
1489 http fetch GET 200 https://registry.npmjs.org/react-dom/-/react-dom-18.3.1.tgz 3553ms (cache miss)
1490 http fetch GET 200 https://registry.npmjs.org/next 4464ms (cache miss)
1491 silly packumentCache corgi:https://registry.npmjs.org/next set size:undefined disposed:false
1492 http fetch GET 200 https://registry.npmjs.org/lucide-react/-/lucide-react-0.294.0.tgz 5946ms (cache miss)
1493 http fetch GET 200 https://registry.npmjs.org/axios/-/axios-1.13.6.tgz 7630ms (cache miss)
1494 http fetch GET 200 https://registry.npmjs.org/typescript/-/typescript-5.9.3.tgz 7773ms (cache miss)
1495 http fetch GET 200 https://registry.npmjs.org/next/-/next-14.2.0.tgz 20598ms (cache miss)
1496 warn deprecated next@14.2.0: This version has a security vulnerability. Please upgrade to a patched version. See https://nextjs.org/blog/security-update-2025-12-11 for more details.
1497 http fetch GET 200 https://registry.npmjs.org/@next/swc-darwin-arm64/-/swc-darwin-arm64-14.2.0.tgz 25924ms (cache miss)
1498 info run fsevents@2.3.3 install node_modules/fsevents node-gyp rebuild
1499 info run fsevents@2.3.3 install { code: 1, signal: null }
1500 verbose reify failed optional dependency /Users/krunalsoni/Downloads/files/node_modules/fsevents
1501 silly reify mark deleted [ '/Users/krunalsoni/Downloads/files/node_modules/fsevents' ]
1502 silly ADD node_modules/d3-path
1503 silly ADD node_modules/d3-time-format
1504 silly ADD node_modules/d3-format
1505 silly ADD node_modules/d3-color
1506 silly ADD node_modules/internmap
1507 silly ADD node_modules/@types/d3-path
1508 silly ADD node_modules/@types/d3-color
1509 silly ADD node_modules/d3-timer
1510 silly ADD node_modules/d3-time
1511 silly ADD node_modules/d3-shape
1512 silly ADD node_modules/d3-scale
1513 silly ADD node_modules/d3-interpolate
1514 silly ADD node_modules/d3-ease
1515 silly ADD node_modules/d3-array
1516 silly ADD node_modules/@types/d3-timer
1517 silly ADD node_modules/@types/d3-time
1518 silly ADD node_modules/@types/d3-shape
1519 silly ADD node_modules/@types/d3-scale
1520 silly ADD node_modules/@types/d3-interpolate
1521 silly ADD node_modules/@types/d3-ease
1522 silly ADD node_modules/@types/d3-array
1523 silly ADD node_modules/escalade
1524 silly ADD node_modules/is-number
1525 silly ADD node_modules/thenify
1526 silly ADD node_modules/thenify-all
1527 silly ADD node_modules/any-promise
1528 silly ADD node_modules/@jridgewell/resolve-uri
1529 silly ADD node_modules/@jridgewell/trace-mapping
1530 silly ADD node_modules/@jridgewell/sourcemap-codec
1531 silly ADD node_modules/ts-interface-checker
1532 silly ADD node_modules/tinyglobby
1533 silly ADD node_modules/tinyglobby/node_modules/picomatch
1534 silly ADD node_modules/tinyglobby/node_modules/fdir
1535 silly ADD node_modules/pirates
1536 silly ADD node_modules/mz
1537 silly ADD node_modules/lines-and-columns
1538 silly ADD node_modules/commander
1539 silly ADD node_modules/@jridgewell/gen-mapping
1540 silly ADD node_modules/queue-microtask
1541 silly ADD node_modules/supports-preserve-symlinks-flag
1542 silly ADD node_modules/path-parse
1543 silly ADD node_modules/is-core-module
1544 silly ADD node_modules/pify
1545 silly ADD node_modules/util-deprecate
1546 silly ADD node_modules/cssesc
1547 silly ADD node_modules/camelcase-css
1548 silly ADD node_modules/read-cache
1549 silly ADD node_modules/is-extglob
1550 silly ADD node_modules/binary-extensions
1551 silly ADD node_modules/to-regex-range
1552 silly ADD node_modules/reusify
1553 silly ADD node_modules/run-parallel
1554 silly ADD node_modules/fastq
1555 silly ADD node_modules/@nodelib/fs.scandir
1556 silly ADD node_modules/merge2
1557 silly ADD node_modules/@nodelib/fs.walk
1558 silly ADD node_modules/@nodelib/fs.stat
1559 silly ADD node_modules/fill-range
1560 silly ADD node_modules/picomatch
1561 silly ADD node_modules/readdirp
1562 silly ADD node_modules/is-binary-path
1563 silly ADD
1564 silly ADD node_modules/braces
1565 silly ADD node_modules/anymatch
1566 silly ADD node_modules/sucrase
1567 silly ADD node_modules/resolve
1568 silly ADD node_modules/postcss-selector-parser
1569 silly ADD node_modules/postcss-nested
1570 silly ADD node_modules/postcss-load-config
1571 silly ADD node_modules/postcss-js
1572 silly ADD node_modules/postcss-import
1573 silly ADD node_modules/object-hash
1574 silly ADD node_modules/normalize-path
1575 silly ADD node_modules/micromatch
1576 silly ADD node_modules/lilconfig
1577 silly ADD node_modules/jiti
1578 silly ADD node_modules/is-glob
1579 silly ADD node_modules/glob-parent
1580 silly ADD node_modules/fast-glob
1581 silly ADD node_modules/fast-glob/node_modules/glob-parent
1582 silly ADD node_modules/dlv
1583 silly ADD node_modules/didyoumean
1584 silly ADD node_modules/chokidar
1585 silly ADD node_modules/chokidar/node_modules/glob-parent
1586 silly ADD node_modules/arg
1587 silly ADD node_modules/@alloc/quick-lru
1588 silly ADD node_modules/client-only
1589 silly ADD node_modules/decimal.js-light
1590 silly ADD node_modules/dom-helpers
1591 silly ADD node_modules/@babel/runtime
1592 silly ADD node_modules/object-assign
1593 silly ADD node_modules/react-transition-group
1594 silly ADD node_modules/prop-types
1595 silly ADD node_modules/prop-types/node_modules/react-is
1596 silly ADD node_modules/fast-equals
1597 silly ADD node_modules/victory-vendor
1598 silly ADD node_modules/tiny-invariant
1599 silly ADD node_modules/recharts-scale
1600 silly ADD node_modules/react-smooth
1601 silly ADD node_modules/react-is
1602 silly ADD node_modules/lodash
1603 silly ADD node_modules/eventemitter3
1604 silly ADD node_modules/clsx
1605 silly ADD node_modules/scheduler
1606 silly ADD node_modules/js-tokens
1607 silly ADD node_modules/loose-envify
1608 silly ADD node_modules/source-map-js
1609 silly ADD node_modules/nanoid
1610 silly ADD node_modules/coffee-script
1611 silly ADD node_modules/streamsearch
1612 silly ADD node_modules/tslib
1613 silly ADD node_modules/@swc/counter
1614 silly ADD node_modules/styled-jsx
1615 silly ADD node_modules/graceful-fs
1616 silly ADD node_modules/busboy
1617 silly ADD node_modules/@swc/helpers
1618 silly ADD node_modules/@next/swc-darwin-arm64
1619 silly ADD node_modules/@next/env
1620 silly ADD node_modules/mime-db
1621 silly ADD node_modules/dunder-proto
1622 silly ADD node_modules/math-intrinsics
1623 silly ADD node_modules/has-symbols
1624 silly ADD node_modules/gopd
1625 silly ADD node_modules/get-proto
1626 silly ADD node_modules/function-bind
1627 silly ADD node_modules/es-object-atoms
1628 silly ADD node_modules/es-define-property
1629 silly ADD node_modules/call-bind-apply-helpers
1630 silly ADD node_modules/has-tostringtag
1631 silly ADD node_modules/get-intrinsic
1632 silly ADD node_modules/es-errors
1633 silly ADD node_modules/delayed-stream
1634 silly ADD node_modules/mime-types
1635 silly ADD node_modules/hasown
1636 silly ADD node_modules/es-set-tostringtag
1637 silly ADD node_modules/combined-stream
1638 silly ADD node_modules/asynckit
1639 silly ADD node_modules/update-browserslist-db
1640 silly ADD node_modules/node-releases
1641 silly ADD node_modules/electron-to-chromium
1642 silly ADD node_modules/baseline-browser-mapping
1643 silly ADD node_modules/proxy-from-env
1644 silly ADD node_modules/form-data
1645 silly ADD node_modules/follow-redirects
1646 silly ADD node_modules/postcss-value-parser
1647 silly ADD node_modules/picocolors
1648 silly ADD node_modules/fraction.js
1649 silly ADD node_modules/caniuse-lite
1650 silly ADD node_modules/browserslist
1651 silly ADD node_modules/csstype
1652 silly ADD node_modules/@types/prop-types
1653 silly ADD node_modules/undici-types
1654 silly ADD node_modules/typescript
1655 silly ADD node_modules/tailwindcss
1656 silly ADD node_modules/recharts
1657 silly ADD node_modules/no
1658 silly ADD node_modules/react-dom
1659 silly ADD node_modules/next
1660 silly ADD node_modules/next/node_modules/postcss
1661 silly ADD node_modules/react
1662 silly ADD node_modules/lucide-react
1663 silly ADD node_modules/axios
1664 silly ADD node_modules/postcss
1665 silly ADD node_modules/autoprefixer
1666 silly ADD node_modules/@types/react-dom
1667 silly ADD node_modules/@types/react
1668 silly ADD node_modules/@types/node
1669 verbose cwd /Users/krunalsoni/Downloads/files
1670 verbose os Darwin 25.3.0
1671 verbose node v23.10.0
1672 verbose npm  v11.7.0
1673 verbose exit 0
1674 info ok
